datetime,latitude,longitude
2019-10-11 07:22:03,42.61890364,9.49619726
2019-10-11 07:22:10,42.61886513,9.49623388
2019-10-11 07:22:18,42.61883085,9.49627695
2019-10-11 07:22:25,42.61879035,9.49631441
2019-10-11 07:22:31,42.61875426,9.49635218
2019-10-11 07:22:37,42.61871802,9.49639151
2019-10-11 07:22:44,42.61867849,9.49642790
2019-10-11 07:22:53,42.61863188,9.49645507
2019-10-11 07:23:00,42.61858988,9.49649520
2019-10-11 07:23:07,42.61854934,9.49652172
2019-10-11 07:23:15,42.61851584,9.49657051
2019-10-11 07:23:23,42.61847388,9.49660092
2019-10-11 07:23:31,42.61843512,9.49663934
2019-10-11 07:23:38,42.61840424,9.49668563
2019-10-11 07:23:44,42.61836989,9.49672720
2019-10-11 07:23:50,42.61834381,9.49677868
2019-10-11 07:23:57,42.61830870,9.49682529
2019-10-11 07:24:03,42.61827015,9.49686346
2019-10-11 07:24:10,42.61823627,9.49691140
2019-10-11 07:24:17,42.61820299,9.49695283
2019-10-11 07:24:24,42.61815952,9.49698890
2019-10-11 07:24:31,42.61812155,9.49703506
2019-10-11 07:24:38,42.61809113,9.49708292
2019-10-11 07:24:45,42.61805525,9.49712867
2019-10-11 07:24:53,42.61802492,9.49717697
2019-10-11 07:25:00,42.61799112,9.49722674
2019-10-11 07:25:06,42.61795442,9.49726953
2019-10-11 07:25:11,42.61791794,9.49730978
2019-10-11 07:25:17,42.61787769,9.49735867
2019-10-11 07:25:23,42.61784436,9.49741223
2019-10-11 07:25:30,42.61781152,9.49746644
2019-10-11 07:25:37,42.61777321,9.49751383
2019-10-11 07:25:44,42.61773388,9.49754971
2019-10-11 07:25:51,42.61769045,9.49758447
2019-10-11 07:25:58,42.61765118,9.49762573
2019-10-11 07:26:05,42.61761166,9.49767161
2019-10-11 07:26:12,42.61757407,9.49771860
2019-10-11 07:26:18,42.61753066,9.49776092
2019-10-11 07:26:24,42.61749655,9.49780267
2019-10-11 07:26:31,42.61745655,9.49784107
2019-10-11 07:26:39,42.61741757,9.49787589
2019-10-11 07:26:46,42.61738549,9.49792254
2019-10-11 07:26:54,42.61734594,9.49795978
2019-10-11 07:27:02,42.61731061,9.49800094
2019-10-11 07:27:09,42.61727706,9.49804361
2019-10-11 07:27:16,42.61723629,9.49808661
2019-10-11 07:27:23,42.61719766,9.49812920
2019-10-11 07:27:30,42.61716241,9.49816887
2019-10-11 07:27:37,42.61712546,9.49820968
2019-10-11 07:27:43,42.61709043,9.49825101
2019-10-11 07:27:51,42.61705282,9.49829560
2019-10-11 07:27:59,42.61701346,9.49833837
2019-10-11 07:28:06,42.61697717,9.49838264
2019-10-11 07:28:12,42.61694077,9.49842693
2019-10-11 07:28:19,42.61690596,9.49847579
2019-10-11 07:28:27,42.61687538,9.49852522
2019-10-11 07:28:36,42.61683934,9.49856830
2019-10-11 07:28:44,42.61679851,9.49861232
2019-10-11 07:28:51,42.61676459,9.49866191
2019-10-11 07:28:58,42.61673371,9.49870913
2019-10-11 07:29:05,42.61670072,9.49876272
2019-10-11 07:29:12,42.61666913,9.49881397
2019-10-11 07:29:19,42.61663265,9.49885712
2019-10-11 07:29:27,42.61660075,9.49890391
2019-10-11 07:29:34,42.61656428,9.49894819
2019-10-11 07:29:41,42.61652820,9.49899359
2019-10-11 07:29:48,42.61649327,9.49904087
2019-10-11 07:29:55,42.61646171,9.49909218
2019-10-11 07:30:03,42.61642633,9.49913218
2019-10-11 07:30:11,42.61639130,9.49917474
2019-10-11 07:30:20,42.61635082,9.49921540
2019-10-11 07:30:28,42.61630972,9.49925464
2019-10-11 07:30:35,42.61627344,9.49929696
2019-10-11 07:30:42,42.61623603,9.49934142
2019-10-11 07:30:49,42.61619511,9.49938017
2019-10-11 07:30:56,42.61615041,9.49941329
2019-10-11 07:31:04,42.61611124,9.49945159
2019-10-11 07:31:10,42.61607305,9.49948446
2019-10-11 07:31:18,42.61605004,9.49953804
2019-10-11 07:31:26,42.61601933,9.49958296
2019-10-11 07:31:33,42.61598385,9.49962105
2019-10-11 07:31:41,42.61594746,9.49966252
2019-10-11 07:31:48,42.61590716,9.49970437
2019-10-11 07:31:55,42.61587199,9.49975232
2019-10-11 07:32:02,42.61585231,9.49981276
2019-10-11 07:32:09,42.61581600,9.49985576
2019-10-11 07:32:15,42.61576832,9.49987914
2019-10-11 07:32:23,42.61572717,9.49991532
2019-10-11 07:32:33,42.61568167,9.49994323
2019-10-11 07:32:45,42.61565144,9.49999093
2019-10-11 07:32:51,42.61561694,9.50004549
2019-10-11 07:32:57,42.61558696,9.50010374
2019-10-11 07:33:02,42.61556248,9.50015598
2019-10-11 07:33:08,42.61552926,9.50020639
2019-10-11 07:33:15,42.61549602,9.50024784
2019-10-11 07:33:21,42.61545354,9.50027690
2019-10-11 07:33:30,42.61541114,9.50030603
2019-10-11 07:33:37,42.61536858,9.50034205
2019-10-11 07:33:45,42.61532397,9.50036770
2019-10-11 07:33:53,42.61528525,9.50040694
2019-10-11 07:34:00,42.61525007,9.50045017
2019-10-11 07:34:07,42.61521449,9.50049185
2019-10-11 07:34:16,42.61517650,9.50053180
2019-10-11 07:34:23,42.61515067,9.50058258
2019-10-11 07:34:32,42.61512385,9.50064019
2019-10-11 07:34:40,42.61508621,9.50068506
2019-10-11 07:34:46,42.61505409,9.50072851
2019-10-11 07:34:52,42.61501659,9.50076705
2019-10-11 07:34:59,42.61498176,9.50081574
2019-10-11 07:35:06,42.61493873,9.50084970
2019-10-11 07:35:14,42.61491597,9.50090721
2019-10-11 07:35:23,42.61488496,9.50095826
2019-10-11 07:35:32,42.61483551,9.50097400
2019-10-11 07:35:39,42.61479768,9.50100838
2019-10-11 07:35:46,42.61475896,9.50105223
2019-10-11 07:35:54,42.61473409,9.50110695
2019-10-11 07:36:03,42.61469514,9.50114921
2019-10-11 07:36:11,42.61465262,9.50118733
2019-10-11 07:36:19,42.61461844,9.50123417
2019-10-11 07:36:28,42.61458938,9.50128113
2019-10-11 07:36:36,42.61455387,9.50132314
2019-10-11 07:36:43,42.61450888,9.50135623
2019-10-11 07:36:50,42.61446456,9.50137153
2019-10-11 07:36:57,42.61442298,9.50141240
2019-10-11 07:37:04,42.61439202,9.50145979
2019-10-11 07:37:11,42.61435905,9.50150730
2019-10-11 07:37:18,42.61433621,9.50156069
2019-10-11 07:37:25,42.61430695,9.50162020
2019-10-11 07:37:31,42.61427524,9.50166399
2019-10-11 07:37:39,42.61422907,9.50169729
2019-10-11 07:37:45,42.61418821,9.50172608
2019-10-11 07:37:53,42.61414595,9.50176413
2019-10-11 07:38:01,42.61410791,9.50181003
2019-10-11 07:38:07,42.61406220,9.50182442
2019-10-11 07:38:14,42.61401686,9.50184355
2019-10-11 07:38:24,42.61398053,9.50188677
2019-10-11 07:38:32,42.61395115,9.50194292
2019-10-11 07:38:40,42.61391122,9.50198108
2019-10-11 07:38:47,42.61386867,9.50201603
2019-10-11 07:38:54,42.61383522,9.50206547
2019-10-11 07:39:01,42.61379929,9.50210630
2019-10-11 07:39:06,42.61375892,9.50213449
2019-10-11 07:39:12,42.61371850,9.50216643
2019-10-11 07:39:20,42.61368980,9.50222241
2019-10-11 07:39:28,42.61366864,9.50228040
2019-10-11 07:39:34,42.61366045,9.50234606
2019-10-11 07:39:43,42.61365814,9.50241472
2019-10-11 07:39:49,42.61365903,9.50247919
2019-10-11 07:39:57,42.61367975,9.50253713
2019-10-11 07:40:03,42.61369821,9.50260097
2019-10-11 07:40:10,42.61371646,9.50266117
2019-10-11 07:40:18,42.61374422,9.50271766
2019-10-11 07:40:25,42.61377863,9.50276759
2019-10-11 07:40:30,42.61381615,9.50281385
2019-10-11 07:40:37,42.61385549,9.50284908
2019-10-11 07:40:42,42.61389364,9.50288368
2019-10-11 07:40:48,42.61393464,9.50292551
2019-10-11 07:40:55,42.61396298,9.50297342
2019-10-11 07:41:00,42.61399475,9.50301956
2019-10-11 07:41:06,42.61402912,9.50307146
2019-10-11 07:41:12,42.61405243,9.50312915
2019-10-11 07:41:19,42.61406535,9.50319645
2019-10-11 07:41:26,42.61407146,9.50325993
2019-10-11 07:41:37,42.61409998,9.50330832
2019-10-11 07:42:00,42.61415784,9.50327096
2019-10-11 07:42:02,42.61424195,9.50321753
2019-10-11 07:42:04,42.61429557,9.50318194
2019-10-11 07:42:06,42.61435673,9.50313243
2019-10-11 07:42:08,42.61441983,9.50306645
2019-10-11 07:42:10,42.61452843,9.50302116
2019-10-11 07:42:12,42.61459214,9.50294372
2019-10-11 07:42:15,42.61467638,9.50285038
2019-10-11 07:42:17,42.61480421,9.50270430
2019-10-11 07:42:20,42.61488201,9.50263589
2019-10-11 07:42:23,42.61498997,9.50250313
2019-10-11 07:42:25,42.61508871,9.50235324
2019-10-11 07:42:28,42.61517751,9.50221376
2019-10-11 07:42:30,42.61536020,9.50202961
2019-10-11 07:42:32,42.61546543,9.50192111
2019-10-11 07:42:35,42.61554959,9.50178646
2019-10-11 07:42:37,42.61561961,9.50164819
2019-10-11 07:42:40,42.61571330,9.50142986
2019-10-11 07:42:42,42.61583696,9.50121312
2019-10-11 07:42:45,42.61590871,9.50108305
2019-10-11 07:42:47,42.61602829,9.50084060
2019-10-11 07:42:50,42.61608624,9.50072075
2019-10-11 07:42:52,42.61615374,9.50056569
2019-10-11 07:42:54,42.61628687,9.50033642
2019-10-11 07:42:57,42.61639850,9.50018242
2019-10-11 07:42:59,42.61650112,9.49997647
2019-10-11 07:43:01,42.61659128,9.49985065
2019-10-11 07:43:04,42.61670864,9.49970751
2019-10-11 07:43:06,42.61682192,9.49957530
2019-10-11 07:43:08,42.61694024,9.49945639
2019-10-11 07:43:10,42.61701550,9.49932878
2019-10-11 07:43:13,42.61713550,9.49914562
2019-10-11 07:43:15,42.61723313,9.49901912
2019-10-11 07:43:17,42.61737683,9.49880316
2019-10-11 07:43:20,42.61746383,9.49864194
2019-10-11 07:43:23,42.61759832,9.49841540
2019-10-11 07:43:26,42.61774267,9.49822948
2019-10-11 07:43:28,42.61780731,9.49812905
2019-10-11 07:43:30,42.61790545,9.49799349
2019-10-11 07:43:33,42.61796071,9.49791750
2019-10-11 07:43:36,42.61800739,9.49783904
2019-10-11 07:43:38,42.61805063,9.49777127
2019-10-11 07:43:40,42.61807117,9.49771544
2019-10-11 07:43:46,42.61803681,9.49766318
2019-10-11 07:43:48,42.61800951,9.49757466
2019-10-11 07:43:51,42.61797933,9.49750985
2019-10-11 07:43:53,42.61796648,9.49743604
2019-10-11 07:43:55,42.61797142,9.49732510
2019-10-11 07:43:58,42.61797115,9.49724401
2019-10-11 07:44:00,42.61795599,9.49715292
2019-10-11 07:44:03,42.61791775,9.49700964
2019-10-11 07:44:05,42.61788956,9.49691668
2019-10-11 07:44:07,42.61786835,9.49682034
2019-10-11 07:44:09,42.61785656,9.49673964
2019-10-11 07:44:11,42.61786154,9.49667679
2019-10-11 07:44:13,42.61786255,9.49658880
2019-10-11 07:44:17,42.61785943,9.49651754
2019-10-11 07:44:23,42.61791161,9.49647631
2019-10-11 07:44:25,42.61798147,9.49648637
2019-10-11 07:44:34,42.61802120,9.49652578
2019-10-11 07:44:44,42.61806000,9.49657212
2019-10-11 07:44:49,42.61812130,9.49656491
2019-10-11 07:44:51,42.61817004,9.49655246
2019-10-11 07:44:54,42.61822403,9.49654510
2019-10-11 07:44:57,42.61827265,9.49653051
2019-10-11 07:45:03,42.61831675,9.49650082
2019-10-11 07:45:10,42.61834141,9.49644742
2019-10-11 07:45:16,42.61837669,9.49640158
2019-10-11 07:45:23,42.61842270,9.49638372
2019-10-11 07:45:30,42.61846191,9.49634902
2019-10-11 07:45:39,42.61850696,9.49633496
2019-10-11 07:45:45,42.61854939,9.49630545
2019-10-11 07:45:52,42.61859316,9.49626898
2019-10-11 07:46:06,42.61861839,9.49621520
2019-10-11 07:46:11,42.61866149,9.49619050
2019-10-11 07:46:16,42.61870330,9.49615870
2019-10-11 07:46:23,42.61874930,9.49613411
2019-10-11 07:46:30,42.61879724,9.49612039
2019-10-11 07:46:36,42.61884772,9.49610554
2019-10-11 07:46:43,42.61889662,9.49608607
2019-10-11 07:46:50,42.61894488,9.49605987
2019-10-11 07:46:56,42.61899241,9.49603271
2019-10-11 07:47:01,42.61903631,9.49601032
2019-10-11 07:47:07,42.61908636,9.49600203
2019-10-11 07:47:12,42.61913430,9.49599728
2019-10-11 07:47:25,42.61917979,9.49598668
2019-10-11 07:47:32,42.61922029,9.49595433
2019-10-11 07:47:39,42.61927299,9.49594126
2019-10-11 07:47:45,42.61932141,9.49593026
2019-10-11 07:47:50,42.61936814,9.49591917
2019-10-11 07:47:56,42.61941896,9.49590686
2019-10-11 07:48:03,42.61946960,9.49590541
2019-10-11 07:48:10,42.61951518,9.49590544
2019-10-11 07:48:16,42.61956711,9.49589689
2019-10-11 07:48:21,42.61961271,9.49587901
2019-10-11 07:48:27,42.61966025,9.49585972
2019-10-11 07:48:33,42.61971302,9.49584719
2019-10-11 07:48:38,42.61975862,9.49583688
2019-10-11 07:48:43,42.61980404,9.49582353
2019-10-11 07:48:49,42.61985486,9.49580783
2019-10-11 07:48:55,42.61989685,9.49577460
2019-10-11 07:49:03,42.61994596,9.49575820
2019-10-11 07:49:15,42.61999326,9.49574877
2019-10-11 07:49:24,42.62004233,9.49573953
2019-10-11 07:49:29,42.62009133,9.49574169
2019-10-11 07:49:34,42.62013796,9.49574921
2019-10-11 07:49:39,42.62018393,9.49574961
2019-10-11 07:49:45,42.62022948,9.49573880
2019-10-11 07:49:51,42.62028157,9.49573187
2019-10-11 07:49:59,42.62033415,9.49572675
2019-10-11 07:50:07,42.62038106,9.49572629
2019-10-11 07:50:14,42.62042732,9.49571696
2019-10-11 07:50:23,42.62047355,9.49570557
2019-10-11 07:50:28,42.62052298,9.49569525
2019-10-11 07:50:33,42.62057788,9.49568300
2019-10-11 07:50:38,42.62062525,9.49567087
2019-10-11 07:50:43,42.62067106,9.49566410
2019-10-11 07:51:04,42.62085952,9.49566718
2019-10-11 07:51:10,42.62090168,9.49564230
2019-10-11 07:51:15,42.62094482,9.49561854
2019-10-11 07:51:22,42.62098713,9.49559068
2019-10-11 07:51:29,42.62102914,9.49556865
2019-10-11 07:51:36,42.62108312,9.49556708
2019-10-11 07:51:42,42.62113279,9.49554895
2019-10-11 07:51:48,42.62118063,9.49553808
2019-10-11 07:51:54,42.62123170,9.49553132
2019-10-11 07:52:00,42.62128305,9.49551584
2019-10-11 07:52:08,42.62132901,9.49549651
2019-10-11 07:52:15,42.62137731,9.49549838
2019-10-11 07:52:21,42.62142626,9.49548257
2019-10-11 07:52:27,42.62146820,9.49545881
2019-10-11 07:52:34,42.62151395,9.49543419
2019-10-11 07:52:43,42.62155930,9.49540695
2019-10-11 07:52:50,42.62160435,9.49539061
2019-10-11 07:52:55,42.62165121,9.49537583
2019-10-11 07:53:01,42.62169851,9.49535835
2019-10-11 07:53:07,42.62174188,9.49533435
2019-10-11 07:53:13,42.62178820,9.49531346
2019-10-11 07:53:19,42.62183882,9.49529561
2019-10-11 07:53:24,42.62188413,9.49529072
2019-10-11 07:53:30,42.62193389,9.49527957
2019-10-11 07:53:36,42.62197987,9.49527676
2019-10-11 07:53:43,42.62202390,9.49526027
2019-10-11 07:53:50,42.62206277,9.49522441
2019-10-11 07:53:57,42.62211282,9.49520792
2019-10-11 07:54:03,42.62216134,9.49520554
2019-10-11 07:54:09,42.62221007,9.49520139
2019-10-11 07:54:15,42.62225786,9.49518566
2019-10-11 07:54:21,42.62230963,9.49516889
2019-10-11 07:54:26,42.62235604,9.49514754
2019-10-11 07:54:33,42.62240397,9.49512792
2019-10-11 07:54:40,42.62244860,9.49511204
2019-10-11 07:54:47,42.62249612,9.49510653
2019-10-11 07:54:53,42.62254320,9.49508151
2019-10-11 07:54:59,42.62258995,9.49506671
2019-10-11 07:55:06,42.62263945,9.49506084
2019-10-11 07:55:14,42.62268468,9.49504028
2019-10-11 07:55:22,42.62273206,9.49500779
2019-10-11 07:55:27,42.62277505,9.49498714
2019-10-11 07:55:35,42.62282448,9.49497280
2019-10-11 07:55:42,42.62287190,9.49495132
2019-10-11 07:55:47,42.62291981,9.49494240
2019-10-11 07:55:53,42.62297220,9.49493234
2019-10-11 07:56:00,42.62302260,9.49491411
2019-10-11 07:56:06,42.62306768,9.49489122
2019-10-11 07:56:14,42.62311753,9.49486480
2019-10-11 07:56:19,42.62316318,9.49485346
2019-10-11 07:56:26,42.62320928,9.49484039
2019-10-11 07:56:33,42.62325880,9.49481611
2019-10-11 07:56:38,42.62330261,9.49478981
2019-10-11 07:56:45,42.62334714,9.49476148
2019-10-11 07:56:52,42.62338596,9.49472078
2019-10-11 07:56:59,42.62342880,9.49469188
2019-10-11 07:57:05,42.62346630,9.49465568
2019-10-11 07:57:13,42.62350691,9.49462063
2019-10-11 07:57:20,42.62355400,9.49460233
2019-10-11 07:57:25,42.62359948,9.49459655
2019-10-11 07:57:30,42.62365095,9.49459346
2019-10-11 07:57:38,42.62372582,9.49457090
2019-10-11 07:57:41,42.62378055,9.49454797
2019-10-11 07:57:46,42.62383178,9.49454424
2019-10-11 07:58:04,42.62386808,9.49449530
2019-10-11 07:58:10,42.62391445,9.49447734
2019-10-11 07:58:16,42.62396098,9.49445646
2019-10-11 07:58:24,42.62400481,9.49442708
2019-10-11 07:58:30,42.62405396,9.49441777
2019-10-11 07:58:36,42.62410109,9.49439672
2019-10-11 07:58:44,42.62414604,9.49437286
2019-10-11 07:58:54,42.62419428,9.49435505
2019-10-11 07:59:00,42.62424087,9.49433381
2019-10-11 07:59:06,42.62429172,9.49432623
2019-10-11 07:59:13,42.62434029,9.49430971
2019-10-11 07:59:19,42.62438794,9.49429201
2019-10-11 07:59:28,42.62443481,9.49427130
2019-10-11 07:59:34,42.62447998,9.49425794
2019-10-11 07:59:40,42.62452454,9.49424400
2019-10-11 07:59:48,42.62456907,9.49421819
2019-10-11 07:59:56,42.62461727,9.49419197
2019-10-11 08:00:02,42.62466453,9.49417516
2019-10-11 08:00:11,42.62470934,9.49414725
2019-10-11 08:00:17,42.62475516,9.49412520
2019-10-11 08:00:22,42.62480173,9.49411111
2019-10-11 08:00:28,42.62484668,9.49409192
2019-10-11 08:00:35,42.62489238,9.49407293
2019-10-11 08:00:44,42.62493127,9.49403625
2019-10-11 08:00:51,42.62498070,9.49401743
2019-10-11 08:00:58,42.62501844,9.49398047
2019-10-11 08:01:05,42.62506691,9.49395328
2019-10-11 08:01:10,42.62511652,9.49395256
2019-10-11 08:01:17,42.62516377,9.49394590
2019-10-11 08:01:25,42.62520430,9.49390646
2019-10-11 08:01:31,42.62525183,9.49390377
2019-10-11 08:01:37,42.62530247,9.49390298
2019-10-11 08:01:44,42.62534884,9.49388249
2019-10-11 08:01:51,42.62539511,9.49386469
2019-10-11 08:01:57,42.62543803,9.49384306
2019-10-11 08:02:03,42.62548549,9.49381984
2019-10-11 08:02:09,42.62553645,9.49379969
2019-10-11 08:02:15,42.62558650,9.49378713
2019-10-11 08:02:25,42.62563174,9.49376084
2019-10-11 08:02:32,42.62567993,9.49374394
2019-10-11 08:02:41,42.62572173,9.49371421
2019-10-11 08:02:49,42.62576665,9.49369642
2019-10-11 08:02:55,42.62581284,9.49368200
2019-10-11 08:03:01,42.62585794,9.49367815
2019-10-11 08:03:08,42.62590673,9.49366241
2019-10-11 08:03:15,42.62595357,9.49365593
2019-10-11 08:03:21,42.62600306,9.49365388
2019-10-11 08:03:27,42.62605681,9.49364924
2019-10-11 08:03:33,42.62610578,9.49364415
2019-10-11 08:03:40,42.62615537,9.49364412
2019-10-11 08:03:48,42.62620292,9.49361726
2019-10-11 08:03:55,42.62625123,9.49358831
2019-10-11 08:04:04,42.62629855,9.49355940
2019-10-11 08:04:11,42.62634456,9.49353566
2019-10-11 08:04:18,42.62638912,9.49351511
2019-10-11 08:04:26,42.62643695,9.49348376
2019-10-11 08:04:32,42.62647534,9.49344669
2019-10-11 08:04:41,42.62652135,9.49342641
2019-10-11 08:04:49,42.62657622,9.49341181
2019-10-11 08:04:54,42.62662504,9.49338783
2019-10-11 08:05:02,42.62665352,9.49333465
2019-10-11 08:05:09,42.62667369,9.49327118
2019-10-11 08:05:15,42.62670133,9.49321762
2019-10-11 08:05:21,42.62671099,9.49315257
2019-10-11 08:05:28,42.62671081,9.49309069
2019-10-11 08:05:35,42.62670904,9.49302654
2019-10-11 08:05:42,42.62670530,9.49296455
2019-10-11 08:05:48,42.62669987,9.49289625
2019-10-11 08:05:55,42.62667076,9.49284292
2019-10-11 08:06:01,42.62664708,9.49278414
2019-10-11 08:06:09,42.62662336,9.49272442
2019-10-11 08:06:17,42.62659604,9.49267335
2019-10-11 08:06:24,42.62656189,9.49263085
2019-10-11 08:06:33,42.62651590,9.49261879
2019-10-11 08:06:39,42.62646559,9.49261372
2019-10-11 08:06:45,42.62641451,9.49262212
2019-10-11 08:06:51,42.62636926,9.49265055
2019-10-11 08:06:58,42.62632832,9.49268107
2019-10-11 08:07:07,42.62628040,9.49270198
2019-10-11 08:07:14,42.62625468,9.49275488
2019-10-11 08:07:21,42.62621939,9.49280278
2019-10-11 08:07:29,42.62617570,9.49282702
2019-10-11 08:07:36,42.62613001,9.49286092
2019-10-11 08:07:41,42.62609157,9.49290149
2019-10-11 08:07:47,42.62604828,9.49293831
2019-10-11 08:07:54,42.62600095,9.49296847
2019-10-11 08:07:59,42.62595723,9.49299853
2019-10-11 08:08:05,42.62591539,9.49302400
2019-10-11 08:08:10,42.62586710,9.49306516
2019-10-11 08:08:13,42.62582163,9.49311156
2019-10-11 08:08:16,42.62576695,9.49316551
2019-10-11 08:08:18,42.62572162,9.49320851
2019-10-11 08:08:20,42.62566956,9.49324708
2019-10-11 08:08:22,42.62560837,9.49328300
2019-10-11 08:08:24,42.62554275,9.49332159
2019-10-11 08:08:26,42.62547091,9.49335886
2019-10-11 08:08:29,42.62535520,9.49342245
2019-10-11 08:08:31,42.62526262,9.49347293
2019-10-11 08:08:33,42.62518034,9.49353557
2019-10-11 08:08:35,42.62508178,9.49360701
2019-10-11 08:08:37,42.62497065,9.49368475
2019-10-11 08:08:39,42.62486626,9.49373493
2019-10-11 08:08:41,42.62475042,9.49379481
2019-10-11 08:08:43,42.62463395,9.49386286
2019-10-11 08:08:45,42.62451630,9.49391923
2019-10-11 08:08:49,42.62439834,9.49398238
2019-10-11 08:08:51,42.62417912,9.49410609
2019-10-11 08:08:53,42.62406301,9.49418147
2019-10-11 08:08:55,42.62394424,9.49425017
2019-10-11 08:08:57,42.62382299,9.49431509
2019-10-11 08:08:59,42.62369204,9.49438216
2019-10-11 08:09:01,42.62356979,9.49445632
2019-10-11 08:09:04,42.62344170,9.49452802
2019-10-11 08:09:06,42.62326147,9.49464064
2019-10-11 08:09:09,42.62312425,9.49469639
2019-10-11 08:09:11,42.62296883,9.49486820
2019-10-11 08:09:14,42.62273323,9.49496424
2019-10-11 08:09:16,42.62260767,9.49503947
2019-10-11 08:09:18,42.62244478,9.49507757
2019-10-11 08:09:20,42.62231348,9.49510671
2019-10-11 08:09:23,42.62217300,9.49513461
2019-10-11 08:09:26,42.62198023,9.49518484
2019-10-11 08:09:29,42.62185576,9.49523097
2019-10-11 08:09:32,42.62169416,9.49525379
2019-10-11 08:09:34,42.62161566,9.49532264
2019-10-11 08:09:36,42.62147253,9.49539948
2019-10-11 08:09:39,42.62135861,9.49542233
2019-10-11 08:09:41,42.62125706,9.49545413
2019-10-11 08:09:43,42.62107291,9.49549998
2019-10-11 08:09:46,42.62095660,9.49551748
2019-10-11 08:09:48,42.62078901,9.49554676
2019-10-11 08:09:50,42.62066659,9.49560729
2019-10-11 08:09:52,42.62059065,9.49564031
2019-10-11 08:09:55,42.62046533,9.49564614
2019-10-11 08:09:58,42.62030694,9.49565542
2019-10-11 08:10:01,42.62022431,9.49567707
2019-10-11 08:10:03,42.62017736,9.49570505
2019-10-11 08:10:06,42.62015702,9.49576465
2019-10-11 08:10:10,42.62011223,9.49579214
2019-10-11 08:10:14,42.62006660,9.49580467
2019-10-11 08:10:21,42.62001377,9.49582006
2019-10-11 08:10:25,42.61996836,9.49581872
2019-10-11 08:10:33,42.61992144,9.49580188
2019-10-11 08:10:42,42.61987528,9.49578844
2019-10-11 08:10:49,42.61982907,9.49578686
2019-10-11 08:10:56,42.61978603,9.49580786
2019-10-11 08:11:02,42.61974226,9.49582908
2019-10-11 08:11:09,42.61970373,9.49587020
2019-10-11 08:11:16,42.61967279,9.49592512
2019-10-11 08:11:22,42.61964607,9.49597879
2019-10-11 08:11:29,42.61962587,9.49604115
2019-10-11 08:11:36,42.61959825,9.49610087
2019-10-11 08:11:41,42.61957297,9.49615358
2019-10-11 08:11:47,42.61954430,9.49620898
2019-10-11 08:11:54,42.61950836,9.49625043
2019-10-11 08:12:03,42.61947653,9.49629933
2019-10-11 08:12:10,42.61943580,9.49633662
2019-10-11 08:12:16,42.61939334,9.49637410
2019-10-11 08:12:23,42.61935185,9.49640230
2019-10-11 08:12:30,42.61931807,9.49644367
2019-10-11 08:12:38,42.61928219,9.49649112
2019-10-11 08:12:44,42.61924310,9.49653505
2019-10-11 08:12:51,42.61919953,9.49657075
2019-10-11 08:12:59,42.61915470,9.49660056
2019-10-11 08:13:08,42.61910465,9.49661341
2019-10-11 08:13:15,42.61905815,9.49663604
2019-10-11 08:13:22,42.61901922,9.49667789
2019-10-11 08:13:32,42.61898491,9.49671998
2019-10-11 08:13:41,42.61893769,9.49673052
2019-10-11 08:13:50,42.61889577,9.49676189
2019-10-11 08:13:57,42.61884991,9.49678823
2019-10-11 08:14:04,42.61880146,9.49680926
2019-10-11 08:14:12,42.61875818,9.49683718
2019-10-11 08:14:19,42.61871057,9.49686452
2019-10-11 08:14:25,42.61866704,9.49688965
2019-10-11 08:14:31,42.61862216,9.49691227
2019-10-11 08:14:39,42.61857848,9.49693239
2019-10-11 08:14:52,42.61853512,9.49696766
2019-10-11 08:14:59,42.61850010,9.49701501
2019-10-11 08:15:05,42.61846591,9.49706039
2019-10-11 08:15:12,42.61842485,9.49710198
2019-10-11 08:15:18,42.61839577,9.49715253
2019-10-11 08:15:25,42.61835597,9.49718471
2019-10-11 08:15:34,42.61830934,9.49721217
2019-10-11 08:15:43,42.61825999,9.49722724
2019-10-11 08:15:52,42.61821640,9.49724894
2019-10-11 08:16:00,42.61818187,9.49729002
2019-10-11 08:16:07,42.61813620,9.49731837
2019-10-11 08:16:12,42.61809328,9.49734901
2019-10-11 08:16:17,42.61804529,9.49737638
2019-10-11 08:16:29,42.61800408,9.49740522
2019-10-11 08:16:34,42.61797110,9.49746191
2019-10-11 08:16:40,42.61793378,9.49751217
2019-10-11 08:16:45,42.61789999,9.49755973
2019-10-11 08:16:52,42.61786163,9.49760318
2019-10-11 08:17:02,42.61781476,9.49763165
2019-10-11 08:17:08,42.61778209,9.49768054
2019-10-11 08:17:16,42.61774732,9.49772905
2019-10-11 08:17:22,42.61771713,9.49777989
2019-10-11 08:17:28,42.61768501,9.49782260
2019-10-11 08:17:37,42.61765086,9.49787222
2019-10-11 08:17:42,42.61761055,9.49790513
2019-10-11 08:17:50,42.61757148,9.49794490
2019-10-11 08:17:57,42.61753479,9.49798770
2019-10-11 08:18:06,42.61751167,9.49804219
2019-10-11 08:18:14,42.61747968,9.49809654
2019-10-11 08:18:20,42.61743949,9.49813125
2019-10-11 08:18:28,42.61740260,9.49817965
2019-10-11 08:18:34,42.61736490,9.49822220
2019-10-11 08:18:40,42.61732707,9.49826211
2019-10-11 08:18:47,42.61729347,9.49830826
2019-10-11 08:18:54,42.61725536,9.49834348
2019-10-11 08:19:01,42.61721253,9.49837587
2019-10-11 08:19:07,42.61717288,9.49840572
2019-10-11 08:19:13,42.61713621,9.49844702
2019-10-11 08:19:19,42.61709916,9.49848703
2019-10-11 08:19:26,42.61705790,9.49852277
2019-10-11 08:19:33,42.61702747,9.49856852
2019-10-11 08:19:39,42.61699334,9.49861227
2019-10-11 08:19:47,42.61696859,9.49867097
2019-10-11 08:19:54,42.61693459,9.49871224
2019-10-11 08:20:01,42.61689555,9.49874850
2019-10-11 08:20:08,42.61685855,9.49878331
2019-10-11 08:20:17,42.61683189,9.49884192
2019-10-11 08:20:27,42.61679319,9.49887855
2019-10-11 08:20:34,42.61675626,9.49892258
2019-10-11 08:20:41,42.61671537,9.49895461
2019-10-11 08:20:48,42.61667795,9.49899356
2019-10-11 08:20:55,42.61664941,9.49904411
2019-10-11 08:21:03,42.61662179,9.49909985
2019-10-11 08:21:10,42.61658458,9.49914377
2019-10-11 08:21:16,42.61654906,9.49918649
2019-10-11 08:21:22,42.61651393,9.49922681
2019-10-11 08:21:29,42.61648576,9.49928290
2019-10-11 08:21:36,42.61644983,9.49932387
2019-10-11 08:21:43,42.61641778,9.49936815
2019-10-11 08:21:50,42.61638723,9.49942468
2019-10-11 08:21:57,42.61634590,9.49946439
2019-10-11 08:22:04,42.61630822,9.49950722
2019-10-11 08:22:11,42.61627350,9.49955272
2019-10-11 08:22:19,42.61623935,9.49959598
2019-10-11 08:22:28,42.61620225,9.49963535
2019-10-11 08:22:34,42.61616784,9.49967653
2019-10-11 08:22:41,42.61612229,9.49970767
2019-10-11 08:22:48,42.61608279,9.49974386
2019-10-11 08:22:55,42.61604421,9.49978431
2019-10-11 08:23:04,42.61600328,9.49982122
2019-10-11 08:23:11,42.61596510,9.49986193
2019-10-11 08:23:19,42.61593502,9.49990991
2019-10-11 08:23:27,42.61590189,9.49995142
2019-10-11 08:23:34,42.61586464,9.49999978
2019-10-11 08:23:40,42.61582472,9.50003166
2019-10-11 08:23:47,42.61578402,9.50007015
2019-10-11 08:23:53,42.61575986,9.50012546
2019-10-11 08:24:00,42.61573057,9.50018114
2019-10-11 08:24:06,42.61570655,9.50023419
2019-10-11 08:24:12,42.61567539,9.50028156
2019-10-11 08:24:18,42.61564385,9.50033271
2019-10-11 08:24:24,42.61561816,9.50038415
2019-10-11 08:24:34,42.61560380,9.50044910
2019-10-11 08:24:41,42.61557646,9.50050378
2019-10-11 08:24:50,42.61555028,9.50055374
2019-10-11 08:24:57,42.61551008,9.50059279
2019-10-11 08:25:04,42.61546866,9.50063857
2019-10-11 08:25:11,42.61542973,9.50067765
2019-10-11 08:25:19,42.61539169,9.50072168
2019-10-11 08:25:26,42.61535646,9.50076681
2019-10-11 08:25:35,42.61531418,9.50080331
2019-10-11 08:25:42,42.61528975,9.50085615
2019-10-11 08:25:48,42.61526092,9.50090492
2019-10-11 08:25:54,42.61522241,9.50094496
2019-10-11 08:26:00,42.61518143,9.50098707
2019-10-11 08:26:07,42.61514470,9.50103150
2019-10-11 08:26:17,42.61510368,9.50106924
2019-10-11 08:26:24,42.61507088,9.50111670
2019-10-11 08:26:30,42.61504111,9.50116295
2019-10-11 08:26:36,42.61500401,9.50120479
2019-10-11 08:26:44,42.61497472,9.50125528
2019-10-11 08:26:51,42.61493736,9.50129309
2019-10-11 08:26:59,42.61490372,9.50134171
2019-10-11 08:27:07,42.61486320,9.50138034
2019-10-11 08:27:14,42.61482538,9.50141487
2019-10-11 08:27:22,42.61478853,9.50145928
2019-10-11 08:27:30,42.61475458,9.50150439
2019-10-11 08:27:37,42.61471663,9.50154542
2019-10-11 08:27:44,42.61467409,9.50157286
2019-10-11 08:27:52,42.61463591,9.50160681
2019-10-11 08:27:59,42.61460317,9.50165821
2019-10-11 08:28:06,42.61457097,9.50171089
2019-10-11 08:28:13,42.61454343,9.50175918
2019-10-11 08:28:23,42.61450569,9.50179349
2019-10-11 08:28:30,42.61447639,9.50184266
2019-10-11 08:28:38,42.61444796,9.50189237
2019-10-11 08:28:46,42.61441123,9.50193902
2019-10-11 08:28:54,42.61437544,9.50198658
2019-10-11 08:29:01,42.61433464,9.50202550
2019-10-11 08:29:08,42.61429698,9.50207072
2019-10-11 08:29:17,42.61427091,9.50212971
2019-10-11 08:29:25,42.61423070,9.50216449
2019-10-11 08:29:31,42.61419327,9.50220923
2019-10-11 08:29:37,42.61415307,9.50225287
2019-10-11 08:29:43,42.61411078,9.50229236
2019-10-11 08:29:52,42.61407585,9.50233881
2019-10-11 08:29:59,42.61404577,9.50238997
2019-10-11 08:30:06,42.61400488,9.50243484
2019-10-11 08:30:12,42.61397775,9.50248963
2019-10-11 08:30:18,42.61396122,9.50255026
2019-10-11 08:30:23,42.61394818,9.50262048
2019-10-11 08:30:29,42.61393165,9.50268636
2019-10-11 08:30:35,42.61393775,9.50275491
2019-10-11 08:30:41,42.61394593,9.50281636
2019-10-11 08:30:56,42.61394766,9.50288156
2019-10-11 08:31:00,42.61398086,9.50292879
2019-10-11 08:31:06,42.61400921,9.50297665
2019-10-11 08:31:11,42.61405522,9.50300869
2019-10-11 08:31:16,42.61409427,9.50304249
2019-10-11 08:31:20,42.61412542,9.50309010
2019-10-11 08:31:29,42.61414006,9.50314827
2019-10-11 08:31:36,42.61418182,9.50317663
2019-10-11 08:31:43,42.61422507,9.50320635
2019-10-11 08:31:51,42.61426207,9.50324680
2019-10-11 08:31:58,42.61428383,9.50330454
2019-10-11 08:32:03,42.61430544,9.50336060
2019-10-11 08:32:10,42.61431021,9.50342968
2019-10-11 08:32:15,42.61430463,9.50349113
2019-10-11 08:32:22,42.61428718,9.50354841
2019-10-11 08:32:28,42.61428789,9.50362266
2019-10-11 08:32:31,42.61432754,9.50368363
2019-10-11 08:32:33,42.61437178,9.50369640
2019-10-11 08:32:35,42.61445302,9.50365146
2019-10-11 08:32:38,42.61451141,9.50354107
2019-10-11 08:32:40,42.61461553,9.50335732
2019-10-11 08:32:42,42.61470278,9.50321217
2019-10-11 08:32:45,42.61479232,9.50307539
2019-10-11 08:32:47,42.61488304,9.50292680
2019-10-11 08:32:49,42.61501806,9.50266316
2019-10-11 08:32:52,42.61511086,9.50248817
2019-10-11 08:32:54,42.61524468,9.50224238
2019-10-11 08:32:57,42.61533836,9.50209488
2019-10-11 08:32:59,42.61543541,9.50195228
2019-10-11 08:33:01,42.61553490,9.50181474
2019-10-11 08:33:03,42.61564236,9.50167280
2019-10-11 08:33:05,42.61583561,9.50144972
2019-10-11 08:33:08,42.61592346,9.50130330
2019-10-11 08:33:10,42.61602936,9.50108823
2019-10-11 08:33:12,42.61609652,9.50093715
2019-10-11 08:33:15,42.61618790,9.50077150
2019-10-11 08:33:17,42.61633068,9.50054064
2019-10-11 08:33:19,42.61642150,9.50038791
2019-10-11 08:33:21,42.61651030,9.50022616
2019-10-11 08:33:23,42.61660458,9.50006853
2019-10-11 08:33:25,42.61668159,9.49991404
2019-10-11 08:33:28,42.61677956,9.49974641
2019-10-11 08:33:30,42.61688403,9.49957851
2019-10-11 08:33:32,42.61696666,9.49943268
2019-10-11 08:33:34,42.61705258,9.49929802
2019-10-11 08:33:37,42.61717349,9.49910332
2019-10-11 08:33:39,42.61722879,9.49897988
2019-10-11 08:33:41,42.61732116,9.49878146
2019-10-11 08:33:43,42.61739117,9.49865541
2019-10-11 08:33:46,42.61745550,9.49853370
2019-10-11 08:33:49,42.61756764,9.49834128
2019-10-11 08:33:51,42.61764369,9.49821865
2019-10-11 08:33:53,42.61773349,9.49805216
2019-10-11 08:33:56,42.61781326,9.49793973
2019-10-11 08:33:58,42.61791997,9.49777496
2019-10-11 08:34:01,42.61797291,9.49768187
2019-10-11 08:34:03,42.61806044,9.49753087
2019-10-11 08:34:06,42.61811475,9.49743593
2019-10-11 08:34:08,42.61817059,9.49729539
2019-10-11 08:34:10,42.61820168,9.49721847
2019-10-11 08:34:14,42.61823323,9.49714967
2019-10-11 08:34:16,42.61826290,9.49709604
2019-10-11 08:34:21,42.61829941,9.49703547
2019-10-11 08:34:26,42.61834023,9.49698592
2019-10-11 08:34:31,42.61838417,9.49694019
2019-10-11 08:34:36,42.61842439,9.49689912
2019-10-11 08:34:40,42.61846324,9.49686537
2019-10-11 08:34:46,42.61850827,9.49684828
2019-10-11 08:34:52,42.61856079,9.49685372
2019-10-11 08:35:00,42.61861230,9.49685483
2019-10-11 08:35:06,42.61866160,9.49682826
2019-10-11 08:35:11,42.61869975,9.49679377
2019-10-11 08:35:18,42.61873541,9.49674721
2019-10-11 08:35:24,42.61876928,9.49670692
2019-10-11 08:35:29,42.61880433,9.49666657
2019-10-11 08:35:34,42.61883336,9.49661988
2019-10-11 08:35:41,42.61887163,9.49657790
2019-10-11 08:35:48,42.61891588,9.49655722
2019-10-11 08:35:53,42.61896229,9.49653589
2019-10-11 08:35:58,42.61900812,9.49651000
2019-10-11 08:36:04,42.61905015,9.49648115
2019-10-11 08:36:12,42.61909646,9.49645694
2019-10-11 08:36:20,42.61913762,9.49642166
2019-10-11 08:36:27,42.61917970,9.49639274
2019-10-11 08:36:33,42.61921784,9.49636027
2019-10-11 08:36:40,42.61926195,9.49632334
2019-10-11 08:36:47,42.61930991,9.49629023
2019-10-11 08:36:53,42.61935836,9.49626357
2019-10-11 08:36:59,42.61940408,9.49623884
2019-10-11 08:37:05,42.61944831,9.49621580
2019-10-11 08:37:12,42.61949113,9.49618756
2019-10-11 08:37:19,42.61953190,9.49615190
2019-10-11 08:37:26,42.61957598,9.49611624
2019-10-11 08:37:33,42.61962383,9.49609435
2019-10-11 08:37:39,42.61967069,9.49606606
2019-10-11 08:37:45,42.61971584,9.49603029
2019-10-11 08:37:51,42.61975914,9.49600292
2019-10-11 08:37:59,42.61980518,9.49598336
2019-10-11 08:38:05,42.61985025,9.49595233
2019-10-11 08:38:12,42.61988893,9.49590887
2019-10-11 08:38:18,42.61993140,9.49587771
2019-10-11 08:38:25,42.61997748,9.49585840
2019-10-11 08:38:31,42.62002016,9.49582892
2019-10-11 08:38:39,42.62006028,9.49579560
2019-10-11 08:38:45,42.62010866,9.49578181
2019-10-11 08:38:51,42.62016006,9.49576811
2019-10-11 08:38:57,42.62020611,9.49574064
2019-10-11 08:39:03,42.62025431,9.49571488
2019-10-11 08:39:10,42.62030099,9.49569011
2019-10-11 08:39:17,42.62034834,9.49566977
2019-10-11 08:39:24,42.62039802,9.49565281
2019-10-11 08:39:30,42.62044484,9.49562441
2019-10-11 08:39:35,42.62048473,9.49559349
2019-10-11 08:39:41,42.62052962,9.49557379
2019-10-11 08:39:47,42.62057263,9.49554690
2019-10-11 08:39:53,42.62062168,9.49552706
2019-10-11 08:39:59,42.62067050,9.49551230
2019-10-11 08:40:06,42.62071127,9.49548116
2019-10-11 08:40:13,42.62075898,9.49545695
2019-10-11 08:40:20,42.62080391,9.49542050
2019-10-11 08:40:26,42.62084040,9.49538306
2019-10-11 08:40:33,42.62088332,9.49534525
2019-10-11 08:40:39,42.62092195,9.49530883
2019-10-11 08:40:45,42.62096168,9.49527843
2019-10-11 08:40:53,42.62101000,9.49525641
2019-10-11 08:41:00,42.62106057,9.49524748
2019-10-11 08:41:07,42.62110423,9.49521405
2019-10-11 08:41:15,42.62115196,9.49519579
2019-10-11 08:41:22,42.62119454,9.49516373
2019-10-11 08:41:27,42.62123415,9.49513333
2019-10-11 08:41:34,42.62127970,9.49510434
2019-10-11 08:41:41,42.62132003,9.49507706
2019-10-11 08:41:47,42.62136112,9.49504177
2019-10-11 08:41:55,42.62140192,9.49500947
2019-10-11 08:42:03,42.62146008,9.49500453
2019-10-11 08:42:07,42.62149271,9.49495890
2019-10-11 08:42:12,42.62152597,9.49490668
2019-10-11 08:42:18,42.62156289,9.49486916
2019-10-11 08:42:24,42.62161214,9.49484792
2019-10-11 08:42:30,42.62165606,9.49482170
2019-10-11 08:42:36,42.62170128,9.49479283
2019-10-11 08:42:42,42.62174493,9.49476525
2019-10-11 08:42:47,42.62179427,9.49475040
2019-10-11 08:42:54,42.62184110,9.49472191
2019-10-11 08:43:01,42.62189253,9.49469907
2019-10-11 08:43:09,42.62193870,9.49467834
2019-10-11 08:43:17,42.62198512,9.49465047
2019-10-11 08:43:22,42.62203029,9.49464224
2019-10-11 08:43:29,42.62208172,9.49462617
2019-10-11 08:43:36,42.62212734,9.49459255
2019-10-11 08:43:42,42.62217588,9.49458178
2019-10-11 08:43:48,42.62222409,9.49455379
2019-10-11 08:43:54,42.62226453,9.49451434
2019-10-11 08:44:01,42.62231132,9.49448603
2019-10-11 08:44:08,42.62235999,9.49445940
2019-10-11 08:44:16,42.62240913,9.49445286
2019-10-11 08:44:22,42.62245378,9.49444456
2019-10-11 08:44:28,42.62250180,9.49443906
2019-10-11 08:44:34,42.62254104,9.49439697
2019-10-11 08:44:42,42.62258379,9.49437103
2019-10-11 08:44:46,42.62263381,9.49436233
2019-10-11 08:44:50,42.62268029,9.49436328
2019-10-11 08:44:57,42.62272752,9.49435334
2019-10-11 08:45:03,42.62276863,9.49432733
2019-10-11 08:45:09,42.62281480,9.49432154
2019-10-11 08:45:17,42.62285862,9.49429199
2019-10-11 08:45:24,42.62290746,9.49426922
2019-10-11 08:45:32,42.62294509,9.49423500
2019-10-11 08:45:36,42.62299108,9.49420388
2019-10-11 08:45:41,42.62303415,9.49416171
2019-10-11 08:45:46,42.62307459,9.49413222
2019-10-11 08:45:51,42.62311899,9.49411297
2019-10-11 08:45:57,42.62316522,9.49408950
2019-10-11 08:46:04,42.62320771,9.49404861
2019-10-11 08:46:12,42.62324849,9.49401537
2019-10-11 08:46:18,42.62329496,9.49400254
2019-10-11 08:46:24,42.62333284,9.49396623
2019-10-11 08:46:29,42.62337226,9.49393335
2019-10-11 08:46:34,42.62341688,9.49391792
2019-10-11 08:46:41,42.62346531,9.49389798
2019-10-11 08:46:48,42.62351267,9.49388186
2019-10-11 08:46:54,42.62356190,9.49387206
2019-10-11 08:47:00,42.62361293,9.49386380
2019-10-11 08:47:07,42.62365903,9.49385193
2019-10-11 08:47:14,42.62370795,9.49382947
2019-10-11 08:47:21,42.62375502,9.49381176
2019-10-11 08:47:29,42.62380694,9.49380211
2019-10-11 08:47:34,42.62385465,9.49379508
2019-10-11 08:47:40,42.62390342,9.49378399
2019-10-11 08:47:46,42.62394180,9.49375206
2019-10-11 08:47:54,42.62398353,9.49372168
2019-10-11 08:48:02,42.62403350,9.49370639
2019-10-11 08:48:15,42.62407575,9.49367947
2019-10-11 08:48:20,42.62412347,9.49366751
2019-10-11 08:48:24,42.62417510,9.49367146
2019-10-11 08:48:29,42.62422182,9.49365786
2019-10-11 08:48:35,42.62425881,9.49362244
2019-10-11 08:48:42,42.62430051,9.49358564
2019-10-11 08:48:48,42.62434556,9.49355727
2019-10-11 08:48:55,42.62439279,9.49353692
2019-10-11 08:49:01,42.62443831,9.49352945
2019-10-11 08:49:09,42.62448199,9.49351218
2019-10-11 08:49:16,42.62452789,9.49348367
2019-10-11 08:49:21,42.62457454,9.49347403
2019-10-11 08:49:27,42.62462152,9.49346997
2019-10-11 08:49:33,42.62467384,9.49346470
2019-10-11 08:49:37,42.62472237,9.49345553
2019-10-11 08:49:42,42.62476925,9.49343756
2019-10-11 08:49:48,42.62481648,9.49341694
2019-10-11 08:49:54,42.62485972,9.49337449
2019-10-11 08:50:01,42.62490527,9.49334397
2019-10-11 08:50:10,42.62495100,9.49331318
2019-10-11 08:50:17,42.62499131,9.49328222
2019-10-11 08:50:24,42.62503282,9.49325063
2019-10-11 08:50:30,42.62508510,9.49324224
2019-10-11 08:50:36,42.62513161,9.49322524
2019-10-11 08:50:43,42.62517304,9.49319523
2019-10-11 08:50:48,42.62521936,9.49318505
2019-10-11 08:50:54,42.62526737,9.49316196
2019-10-11 08:51:00,42.62530166,9.49311660
2019-10-11 08:51:06,42.62533138,9.49306720
2019-10-11 08:51:13,42.62536997,9.49303219
2019-10-11 08:51:19,42.62541349,9.49301116
2019-10-11 08:51:25,42.62546047,9.49299096
2019-10-11 08:51:31,42.62550967,9.49296466
2019-10-11 08:51:38,42.62555580,9.49293796
2019-10-11 08:51:45,42.62560172,9.49291608
2019-10-11 08:51:52,42.62564251,9.49288403
2019-10-11 08:52:04,42.62570021,9.49284660
2019-10-11 08:52:08,42.62574654,9.49284445
2019-10-11 08:52:17,42.62575596,9.49277740
2019-10-11 08:52:22,42.62579092,9.49273649
2019-10-11 08:52:27,42.62582998,9.49270415
2019-10-11 08:52:33,42.62587431,9.49267479
2019-10-11 08:52:40,42.62591793,9.49264707
2019-10-11 08:52:47,42.62595416,9.49259789
2019-10-11 08:52:54,42.62599397,9.49255981
2019-10-11 08:53:00,42.62603910,9.49253534
2019-10-11 08:53:06,42.62608357,9.49251075
2019-10-11 08:53:12,42.62613018,9.49247864
2019-10-11 08:53:18,42.62617380,9.49246025
2019-10-11 08:53:23,42.62621929,9.49246337
2019-10-11 08:53:29,42.62626740,9.49245532
2019-10-11 08:53:36,42.62631477,9.49247109
2019-10-11 08:53:42,42.62636138,9.49246256
2019-10-11 08:53:49,42.62640899,9.49246753
2019-10-11 08:53:56,42.62645836,9.49247467
2019-10-11 08:54:04,42.62650260,9.49244879
2019-10-11 08:54:10,42.62653782,9.49241006
2019-10-11 08:54:17,42.62654831,9.49234760
2019-10-11 08:54:22,42.62654667,9.49228508
2019-10-11 08:54:31,42.62653123,9.49222097
2019-10-11 08:54:38,42.62649104,9.49218071
2019-10-11 08:54:44,42.62644974,9.49215113
2019-10-11 08:54:52,42.62640012,9.49214793
2019-10-11 08:55:00,42.62635792,9.49218137
2019-10-11 08:55:06,42.62631505,9.49220082
2019-10-11 08:55:13,42.62626540,9.49221490
2019-10-11 08:55:20,42.62622105,9.49224600
2019-10-11 08:55:27,42.62619296,9.49229394
2019-10-11 08:55:34,42.62615472,9.49233594
2019-10-11 08:55:40,42.62612199,9.49238525
2019-10-11 08:55:46,42.62608247,9.49242059
2019-10-11 08:55:51,42.62604678,9.49245926
2019-10-11 08:55:56,42.62600746,9.49249068
2019-10-11 08:56:03,42.62595969,9.49251323
2019-10-11 08:56:07,42.62590453,9.49253397
2019-10-11 08:56:10,42.62584512,9.49257522
2019-10-11 08:56:12,42.62578337,9.49260930
2019-10-11 08:56:14,42.62570590,9.49264257
2019-10-11 08:56:17,42.62555382,9.49270175
2019-10-11 08:56:20,42.62540329,9.49276947
2019-10-11 08:56:22,42.62530765,9.49281888
2019-10-11 08:56:30,42.62477659,9.49301678
2019-10-11 08:56:33,42.62462573,9.49312845
2019-10-11 08:56:35,42.62450833,9.49319363
2019-10-11 08:56:38,42.62434101,9.49329484
2019-10-11 08:56:40,42.62426477,9.49337513
2019-10-11 08:56:42,42.62416634,9.49344156
2019-10-11 08:56:44,42.62408255,9.49353376
2019-10-11 08:56:46,42.62397355,9.49360392
2019-10-11 08:56:49,42.62378460,9.49368947
2019-10-11 08:56:51,42.62366023,9.49375483
2019-10-11 08:56:54,42.62349340,9.49384246
2019-10-11 08:56:56,42.62337558,9.49389927
2019-10-11 08:56:58,42.62327568,9.49398385
2019-10-11 08:57:01,42.62312047,9.49410058
2019-10-11 08:57:03,42.62301513,9.49415309
2019-10-11 08:57:07,42.62289407,9.49422538
2019-10-11 08:57:09,42.62268211,9.49435027
2019-10-11 08:57:11,42.62255972,9.49443161
2019-10-11 08:57:13,42.62244624,9.49450410
2019-10-11 08:57:16,42.62227666,9.49460538
2019-10-11 08:57:19,42.62204465,9.49462695
2019-10-11 08:57:21,42.62191875,9.49466608
2019-10-11 08:57:59,42.62042010,9.49538057
2019-10-11 08:58:02,42.62017998,9.49560900
2019-10-11 08:58:04,42.62010686,9.49570607
2019-10-11 08:58:07,42.62002831,9.49578763
2019-10-11 08:58:09,42.61997208,9.49581564
2019-10-11 08:58:12,42.61991128,9.49583966
2019-10-11 08:58:15,42.61986472,9.49585426
2019-10-11 08:58:18,42.61980556,9.49584996
2019-10-11 08:58:23,42.61976437,9.49588611
2019-10-11 08:58:30,42.61972350,9.49591992
2019-10-11 08:58:36,42.61967364,9.49594216
2019-10-11 08:58:42,42.61962884,9.49597315
2019-10-11 08:58:48,42.61959396,9.49601187
2019-10-11 08:58:55,42.61955486,9.49604748
2019-10-11 08:59:02,42.61952253,9.49609632
2019-10-11 08:59:09,42.61948429,9.49613965
2019-10-11 08:59:17,42.61944225,9.49616614
2019-10-11 08:59:24,42.61940030,9.49620492
2019-10-11 08:59:30,42.61936200,9.49623848
2019-10-11 08:59:37,42.61932437,9.49628379
2019-10-11 08:59:44,42.61928234,9.49632525
2019-10-11 08:59:50,42.61924220,9.49636778
2019-10-11 08:59:56,42.61919517,9.49640152
2019-10-11 09:00:02,42.61915044,9.49642435
2019-10-11 09:00:08,42.61910751,9.49644857
2019-10-11 09:00:15,42.61906132,9.49647722
2019-10-11 09:00:23,42.61901750,9.49650304
2019-10-11 09:00:29,42.61897561,9.49653187
2019-10-11 09:00:35,42.61893351,9.49656172
2019-10-11 09:00:42,42.61889085,9.49659562
2019-10-11 09:00:48,42.61885077,9.49662643
2019-10-11 09:00:55,42.61881026,9.49665456
2019-10-11 09:01:02,42.61876821,9.49668168
2019-10-11 09:01:08,42.61872358,9.49671910
2019-10-11 09:01:14,42.61868936,9.49677161
2019-10-11 09:01:20,42.61865526,9.49681284
2019-10-11 09:01:29,42.61860354,9.49685069
2019-10-11 09:01:36,42.61857483,9.49690608
2019-10-11 09:01:41,42.61852822,9.49694494
2019-10-11 09:01:46,42.61848719,9.49697360
2019-10-11 09:01:51,42.61843966,9.49698697
2019-10-11 09:01:57,42.61839792,9.49702122
2019-10-11 09:02:04,42.61835513,9.49704404
2019-10-11 09:02:11,42.61830282,9.49704545
2019-10-11 09:02:17,42.61825806,9.49703413
2019-10-11 09:02:23,42.61821820,9.49706514
2019-10-11 09:02:30,42.61817331,9.49709442
2019-10-11 09:02:36,42.61813496,9.49713132
2019-10-11 09:02:41,42.61809102,9.49715557
2019-10-11 09:02:47,42.61805298,9.49719367
2019-10-11 09:02:53,42.61800664,9.49722419
2019-10-11 09:02:59,42.61796571,9.49725924
2019-10-11 09:03:05,42.61792160,9.49728444
2019-10-11 09:03:11,42.61787423,9.49731046
2019-10-11 09:03:18,42.61782892,9.49732955
2019-10-11 09:03:25,42.61778174,9.49734744
2019-10-11 09:03:31,42.61774005,9.49738090
2019-10-11 09:03:38,42.61769695,9.49742077
2019-10-11 09:03:44,42.61764821,9.49744605
2019-10-11 09:03:50,42.61760036,9.49747444
2019-10-11 09:03:57,42.61755388,9.49749765
2019-10-11 09:04:04,42.61750698,9.49752532
2019-10-11 09:04:09,42.61746307,9.49755903
2019-10-11 09:04:15,42.61742225,9.49758715
2019-10-11 09:04:21,42.61738109,9.49762208
2019-10-11 09:04:27,42.61733568,9.49765984
2019-10-11 09:04:33,42.61729429,9.49770517
2019-10-11 09:04:40,42.61725599,9.49775438
2019-10-11 09:04:47,42.61721838,9.49779117
2019-10-11 09:04:53,42.61717911,9.49782888
2019-10-11 09:04:58,42.61714061,9.49786436
2019-10-11 09:05:04,42.61710027,9.49790670
2019-10-11 09:05:11,42.61706228,9.49795547
2019-10-11 09:05:18,42.61702305,9.49799542
2019-10-11 09:05:25,42.61697820,9.49803354
2019-10-11 09:05:30,42.61693505,9.49806626
2019-10-11 09:05:36,42.61688851,9.49807800
2019-10-11 09:05:44,42.61683669,9.49809714
2019-10-11 09:05:50,42.61680038,9.49813424
2019-10-11 09:05:56,42.61675817,9.49817608
2019-10-11 09:06:03,42.61671899,9.49821364
2019-10-11 09:06:11,42.61667083,9.49822592
2019-10-11 09:06:18,42.61662570,9.49824171
2019-10-11 09:06:25,42.61657933,9.49826462
2019-10-11 09:06:32,42.61653657,9.49828928
2019-10-11 09:06:39,42.61649525,9.49832483
2019-10-11 09:06:45,42.61645330,9.49835839
2019-10-11 09:06:52,42.61641263,9.49839582
2019-10-11 09:06:59,42.61637620,9.49844378
2019-10-11 09:07:05,42.61633745,9.49848543
2019-10-11 09:07:11,42.61629874,9.49851757
2019-10-11 09:07:18,42.61625479,9.49855509
2019-10-11 09:07:26,42.61621375,9.49858344
2019-10-11 09:07:34,42.61616466,9.49859371
2019-10-11 09:07:40,42.61612292,9.49862810
2019-10-11 09:07:46,42.61608599,9.49866431
2019-10-11 09:07:53,42.61603832,9.49869487
2019-10-11 09:08:00,42.61599912,9.49874179
2019-10-11 09:08:07,42.61595814,9.49877640
2019-10-11 09:08:14,42.61591520,9.49880915
2019-10-11 09:08:20,42.61587178,9.49884106
2019-10-11 09:08:26,42.61583978,9.49889316
2019-10-11 09:08:32,42.61580603,9.49894467
2019-10-11 09:08:38,42.61577084,9.49898714
2019-10-11 09:08:45,42.61573316,9.49902509
2019-10-11 09:08:53,42.61569757,9.49906398
2019-10-11 09:09:00,42.61566784,9.49911026
2019-10-11 09:09:06,42.61563027,9.49914559
2019-10-11 09:09:13,42.61558890,9.49918686
2019-10-11 09:09:20,42.61555621,9.49923014
2019-10-11 09:09:27,42.61551327,9.49926521
2019-10-11 09:09:34,42.61547188,9.49930802
2019-10-11 09:09:40,42.61542890,9.49934768
2019-10-11 09:09:46,42.61538569,9.49937680
2019-10-11 09:09:53,42.61534203,9.49940686
2019-10-11 09:10:00,42.61530064,9.49944626
2019-10-11 09:10:07,42.61526399,9.49948683
2019-10-11 09:10:14,42.61522255,9.49951195
2019-10-11 09:10:21,42.61517268,9.49953440
2019-10-11 09:10:27,42.61512805,9.49956839
2019-10-11 09:10:32,42.61508339,9.49960034
2019-10-11 09:10:38,42.61503919,9.49963400
2019-10-11 09:10:45,42.61500234,9.49967536
2019-10-11 09:10:51,42.61497071,9.49971876
2019-10-11 09:10:57,42.61493098,9.49976636
2019-10-11 09:11:03,42.61488587,9.49980460
2019-10-11 09:11:09,42.61484430,9.49982982
2019-10-11 09:11:17,42.61480230,9.49985978
2019-10-11 09:11:24,42.61476300,9.49989976
2019-10-11 09:11:34,42.61472273,9.49994515
2019-10-11 09:11:40,42.61467259,9.49997082
2019-10-11 09:11:46,42.61462324,9.49999880
2019-10-11 09:11:51,42.61457545,9.50001613
2019-10-11 09:11:57,42.61452644,9.50003881
2019-10-11 09:12:03,42.61449450,9.50008214
2019-10-11 09:12:10,42.61446508,9.50013521
2019-10-11 09:12:17,42.61442826,9.50017153
2019-10-11 09:12:23,42.61438565,9.50019731
2019-10-11 09:12:29,42.61434306,9.50022592
2019-10-11 09:12:35,42.61430396,9.50025829
2019-10-11 09:12:41,42.61425597,9.50028539
2019-10-11 09:12:47,42.61420732,9.50031194
2019-10-11 09:12:54,42.61416183,9.50034256
2019-10-11 09:13:02,42.61412543,9.50038545
2019-10-11 09:13:09,42.61408691,9.50042709
2019-10-11 09:13:18,42.61405209,9.50047659
2019-10-11 09:13:25,42.61401316,9.50050800
2019-10-11 09:13:34,42.61396734,9.50054068
2019-10-11 09:13:39,42.61392729,9.50057086
2019-10-11 09:13:44,42.61388234,9.50058596
2019-10-11 09:13:50,42.61384046,9.50061693
2019-10-11 09:13:57,42.61379559,9.50065087
2019-10-11 09:14:03,42.61375947,9.50068885
2019-10-11 09:14:09,42.61372060,9.50073552
2019-10-11 09:14:14,42.61367913,9.50076100
2019-10-11 09:14:20,42.61363427,9.50078765
2019-10-11 09:14:26,42.61359241,9.50081942
2019-10-11 09:14:32,42.61354328,9.50084399
2019-10-11 09:14:39,42.61350678,9.50088515
2019-10-11 09:14:46,42.61347396,9.50093024
2019-10-11 09:14:53,42.61344091,9.50097274
2019-10-11 09:15:05,42.61339619,9.50100330
2019-10-11 09:15:11,42.61337904,9.50106394
2019-10-11 09:15:17,42.61333460,9.50110265
2019-10-11 09:15:24,42.61330210,9.50114503
2019-10-11 09:15:32,42.61326650,9.50118264
2019-10-11 09:15:38,42.61323396,9.50123175
2019-10-11 09:15:45,42.61320464,9.50128755
2019-10-11 09:15:49,42.61315467,9.50130889
2019-10-11 09:15:55,42.61310876,9.50131270
2019-10-11 09:16:09,42.61310739,9.50125179
2019-10-11 09:16:18,42.61313634,9.50119804
2019-10-11 09:16:23,42.61319133,9.50117592
2019-10-11 09:16:26,42.61323821,9.50114976
2019-10-11 09:16:29,42.61329558,9.50109671
2019-10-11 09:16:31,42.61334551,9.50104476
2019-10-11 09:16:33,42.61340270,9.50098225
2019-10-11 09:16:35,42.61348838,9.50090576
2019-10-11 09:16:37,42.61357812,9.50083290
2019-10-11 09:16:39,42.61365449,9.50074783
2019-10-11 09:16:41,42.61372011,9.50065079
2019-10-11 09:16:43,42.61379154,9.50054889
2019-10-11 09:16:45,42.61387697,9.50044687
2019-10-11 09:16:47,42.61396412,9.50035730
2019-10-11 09:16:49,42.61404842,9.50026835
2019-10-11 09:16:51,42.61412680,9.50017461
2019-10-11 09:16:53,42.61420684,9.50008370
2019-10-11 09:16:55,42.61429088,9.49998733
2019-10-11 09:16:57,42.61438092,9.49989442
2019-10-11 09:16:59,42.61445824,9.49979686
2019-10-11 09:17:01,42.61454784,9.49970029
2019-10-11 09:17:04,42.61467262,9.49953610
2019-10-11 09:17:06,42.61475682,9.49943371
2019-10-11 09:17:08,42.61485204,9.49934503
2019-10-11 09:17:10,42.61495675,9.49926114
2019-10-11 09:17:12,42.61505135,9.49917143
2019-10-11 09:17:14,42.61514922,9.49909773
2019-10-11 09:17:16,42.61524932,9.49901383
2019-10-11 09:17:19,42.61536682,9.49888790
2019-10-11 09:17:23,42.61545207,9.49880309
2019-10-11 09:17:25,42.61559567,9.49863940
2019-10-11 09:17:27,42.61568235,9.49854696
2019-10-11 09:17:30,42.61581762,9.49841227
2019-10-11 09:17:33,42.61596144,9.49828741
2019-10-11 09:17:36,42.61610838,9.49816914
2019-10-11 09:17:39,42.61625090,9.49802620
2019-10-11 09:17:41,42.61634353,9.49794104
2019-10-11 09:17:43,42.61643826,9.49786005
2019-10-11 09:17:46,42.61657702,9.49772702
2019-10-11 09:17:49,42.61673067,9.49762555
2019-10-11 09:17:51,42.61682847,9.49755816
2019-10-11 09:17:54,42.61697726,9.49744087
2019-10-11 09:17:56,42.61709116,9.49735761
2019-10-11 09:17:58,42.61718974,9.49727211
2019-10-11 09:18:01,42.61732034,9.49714053
2019-10-11 09:18:04,42.61745217,9.49702921
2019-10-11 09:18:06,42.61754811,9.49696125
2019-10-11 09:18:09,42.61770167,9.49687350
2019-10-11 09:18:11,42.61779582,9.49681423
2019-10-11 09:18:13,42.61789301,9.49674929
2019-10-11 09:18:15,42.61798273,9.49669305
2019-10-11 09:18:18,42.61812109,9.49662848
2019-10-11 09:18:20,42.61823627,9.49660197
2019-10-11 09:18:23,42.61836103,9.49656251
2019-10-11 09:18:25,42.61841090,9.49653772
2019-10-11 09:18:28,42.61844715,9.49649969
2019-10-11 09:18:32,42.61848788,9.49646660
2019-10-11 09:18:36,42.61852986,9.49644327
2019-10-11 09:18:40,42.61857882,9.49643330
2019-10-11 09:18:44,42.61862412,9.49643190
2019-10-11 09:18:49,42.61867378,9.49641865
2019-10-11 09:18:55,42.61871073,9.49638198
2019-10-11 09:19:01,42.61875057,9.49635074
2019-10-11 09:19:07,42.61879247,9.49631964
2019-10-11 09:19:14,42.61883903,9.49629698
2019-10-11 09:19:20,42.61888375,9.49628480
2019-10-11 09:19:29,42.61893120,9.49626007
2019-10-11 09:19:34,42.61897949,9.49626057
2019-10-11 09:19:38,42.61903539,9.49624562
2019-10-11 09:19:44,42.61907690,9.49621533
2019-10-11 09:19:56,42.61912813,9.49622241
2019-10-11 09:20:03,42.61917898,9.49621363
2019-10-11 09:20:13,42.61921616,9.49617679
2019-10-11 09:20:18,42.61925601,9.49614688
2019-10-11 09:20:23,42.61929801,9.49610933
2019-10-11 09:20:28,42.61934099,9.49607272
2019-10-11 09:20:33,42.61937884,9.49603796
2019-10-11 09:20:49,42.61941320,9.49599034
2019-10-11 09:20:54,42.61946319,9.49596200
2019-10-11 09:20:58,42.61950228,9.49592951
2019-10-11 09:21:02,42.61954144,9.49589839
2019-10-11 09:21:07,42.61958429,9.49587501
2019-10-11 09:21:13,42.61962714,9.49585387
2019-10-11 09:21:21,42.61967240,9.49581853
2019-10-11 09:21:27,42.61971433,9.49578004
2019-10-11 09:21:33,42.61975996,9.49574994
2019-10-11 09:21:39,42.61980453,9.49572162
2019-10-11 09:21:45,42.61984392,9.49569133
2019-10-11 09:21:52,42.61988263,9.49565179
2019-10-11 09:21:58,42.61991564,9.49560999
2019-10-11 09:22:05,42.61995064,9.49556229
2019-10-11 09:22:12,42.61998872,9.49552846
2019-10-11 09:22:20,42.62002562,9.49548339
2019-10-11 09:22:26,42.62006109,9.49544040
2019-10-11 09:22:31,42.62010076,9.49541022
2019-10-11 09:22:37,42.62014712,9.49537984
2019-10-11 09:22:43,42.62018576,9.49533503
2019-10-11 09:22:49,42.62022220,9.49529075
2019-10-11 09:22:55,42.62026140,9.49526041
2019-10-11 09:23:01,42.62030941,9.49524040
2019-10-11 09:23:06,42.62035511,9.49523008
2019-10-11 09:23:13,42.62040498,9.49521704
2019-10-11 09:23:20,42.62044875,9.49517545
2019-10-11 09:23:26,42.62048965,9.49513940
2019-10-11 09:23:33,42.62052589,9.49509730
2019-10-11 09:23:39,42.62056608,9.49506219
2019-10-11 09:23:47,42.62060094,9.49501936
2019-10-11 09:23:56,42.62064657,9.49498483
2019-10-11 09:24:03,42.62069060,9.49495659
2019-10-11 09:24:09,42.62073820,9.49492918
2019-10-11 09:24:15,42.62078278,9.49489027
2019-10-11 09:24:21,42.62082236,9.49484857
2019-10-11 09:24:27,42.62086377,9.49481784
2019-10-11 09:24:34,42.62090828,9.49478574
2019-10-11 09:24:41,42.62095374,9.49475910
2019-10-11 09:24:48,42.62100259,9.49475802
2019-10-11 09:24:54,42.62104887,9.49475548
2019-10-11 09:25:00,42.62109035,9.49472899
2019-10-11 09:25:06,42.62113412,9.49469911
2019-10-11 09:25:13,42.62117882,9.49466416
2019-10-11 09:25:20,42.62122654,9.49463704
2019-10-11 09:25:27,42.62126621,9.49460305
2019-10-11 09:25:34,42.62131143,9.49458206
2019-10-11 09:25:40,42.62135506,9.49455298
2019-10-11 09:25:47,42.62139421,9.49451520
2019-10-11 09:25:55,42.62143859,9.49448237
2019-10-11 09:26:03,42.62148678,9.49446077
2019-10-11 09:26:09,42.62153095,9.49444315
2019-10-11 09:26:15,42.62158131,9.49443003
2019-10-11 09:26:21,42.62161877,9.49439435
2019-10-11 09:26:27,42.62165587,9.49434908
2019-10-11 09:26:33,42.62169251,9.49430650
2019-10-11 09:26:39,42.62173316,9.49426697
2019-10-11 09:26:45,42.62177918,9.49424448
2019-10-11 09:26:51,42.62182452,9.49421765
2019-10-11 09:26:57,42.62186606,9.49418835
2019-10-11 09:27:05,42.62191647,9.49416873
2019-10-11 09:27:11,42.62196273,9.49413705
2019-10-11 09:27:18,42.62200272,9.49409823
2019-10-11 09:27:25,42.62205015,9.49406606
2019-10-11 09:27:32,42.62209826,9.49404429
2019-10-11 09:27:39,42.62214492,9.49402404
2019-10-11 09:27:46,42.62218617,9.49399742
2019-10-11 09:27:53,42.62222429,9.49396428
2019-10-11 09:28:00,42.62226777,9.49394615
2019-10-11 09:28:07,42.62231476,9.49393847
2019-10-11 09:28:14,42.62236242,9.49391038
2019-10-11 09:28:20,42.62240670,9.49388796
2019-10-11 09:28:27,42.62245224,9.49386409
2019-10-11 09:28:34,42.62249833,9.49384104
2019-10-11 09:28:42,42.62254597,9.49383176
2019-10-11 09:28:48,42.62259346,9.49383277
2019-10-11 09:28:55,42.62264104,9.49383751
2019-10-11 09:29:02,42.62268978,9.49382492
2019-10-11 09:29:09,42.62273967,9.49380796
2019-10-11 09:29:14,42.62277502,9.49376909
2019-10-11 09:29:22,42.62282010,9.49373096
2019-10-11 09:29:28,42.62286290,9.49370218
2019-10-11 09:29:36,42.62291306,9.49368422
2019-10-11 09:29:40,42.62295232,9.49365029
2019-10-11 09:29:45,42.62299335,9.49360808
2019-10-11 09:29:51,42.62303404,9.49357241
2019-10-11 09:29:58,42.62307345,9.49354271
2019-10-11 09:30:06,42.62311816,9.49351961
2019-10-11 09:30:13,42.62316684,9.49350956
2019-10-11 09:30:20,42.62321293,9.49348984
2019-10-11 09:30:27,42.62326442,9.49348207
2019-10-11 09:30:33,42.62331507,9.49348542
2019-10-11 09:30:39,42.62336104,9.49346900
2019-10-11 09:30:45,42.62340079,9.49343715
2019-10-11 09:30:53,42.62344189,9.49339583
2019-10-11 09:30:59,42.62348928,9.49337140
2019-10-11 09:31:06,42.62353240,9.49334190
2019-10-11 09:31:16,42.62357852,9.49332616
2019-10-11 09:31:23,42.62362728,9.49331801
2019-10-11 09:31:29,42.62367639,9.49331017
2019-10-11 09:31:37,42.62371947,9.49327575
2019-10-11 09:31:43,42.62376767,9.49324345
2019-10-11 09:31:49,42.62381712,9.49324244
2019-10-11 09:31:56,42.62386195,9.49323270
2019-10-11 09:32:05,42.62389716,9.49318839
2019-10-11 09:32:11,42.62394850,9.49318064
2019-10-11 09:32:18,42.62400193,9.49316937
2019-10-11 09:32:24,42.62404512,9.49314365
2019-10-11 09:32:29,42.62408481,9.49310788
2019-10-11 09:32:34,42.62413079,9.49309295
2019-10-11 09:32:41,42.62417694,9.49307425
2019-10-11 09:32:48,42.62422079,9.49304916
2019-10-11 09:32:55,42.62426950,9.49303920
2019-10-11 09:33:02,42.62431655,9.49302668
2019-10-11 09:33:08,42.62436620,9.49301573
2019-10-11 09:33:14,42.62441402,9.49300936
2019-10-11 09:33:24,42.62444725,9.49296398
2019-10-11 09:33:31,42.62449053,9.49293252
2019-10-11 09:33:37,42.62453686,9.49292067
2019-10-11 09:33:44,42.62458449,9.49290832
2019-10-11 09:33:50,42.62463213,9.49287518
2019-10-11 09:33:56,42.62467611,9.49284699
2019-10-11 09:34:05,42.62472121,9.49281285
2019-10-11 09:34:13,42.62476735,9.49279112
2019-10-11 09:34:20,42.62480923,9.49275566
2019-10-11 09:34:26,42.62484594,9.49271869
2019-10-11 09:34:32,42.62489394,9.49270754
2019-10-11 09:34:37,42.62493950,9.49269523
2019-10-11 09:34:43,42.62498866,9.49268256
2019-10-11 09:34:50,42.62503911,9.49267397
2019-10-11 09:34:58,42.62508308,9.49265983
2019-10-11 09:35:05,42.62512904,9.49263566
2019-10-11 09:35:11,42.62517752,9.49261813
2019-10-11 09:35:18,42.62522697,9.49260770
2019-10-11 09:35:25,42.62527356,9.49259339
2019-10-11 09:35:32,42.62532297,9.49257627
2019-10-11 09:35:39,42.62536910,9.49254652
2019-10-11 09:35:46,42.62541485,9.49252252
2019-10-11 09:35:52,42.62546283,9.49250350
2019-10-11 09:35:58,42.62551318,9.49248472
2019-10-11 09:36:05,42.62556034,9.49245573
2019-10-11 09:36:11,42.62559414,9.49241156
2019-10-11 09:36:17,42.62562451,9.49235740
2019-10-11 09:36:24,42.62564318,9.49229998
2019-10-11 09:36:31,42.62566168,9.49223326
2019-10-11 09:36:38,42.62568296,9.49217522
2019-10-11 09:36:45,42.62568010,9.49210847
2019-10-11 09:36:50,42.62566503,9.49204765
2019-10-11 09:36:55,42.62564557,9.49198477
2019-10-11 09:37:01,42.62561375,9.49193218
2019-10-11 09:37:06,42.62557807,9.49189044
2019-10-11 09:37:10,42.62553336,9.49185124
2019-10-11 09:37:14,42.62548569,9.49185040
2019-10-11 09:37:19,42.62543711,9.49188101
2019-10-11 09:37:24,42.62539511,9.49191987
2019-10-11 09:37:30,42.62534812,9.49194099
2019-10-11 09:37:35,42.62530303,9.49194182
2019-10-11 09:37:41,42.62525326,9.49195601
2019-10-11 09:37:46,42.62520950,9.49197476
2019-10-11 09:37:51,42.62516983,9.49200438
2019-10-11 09:37:56,42.62512978,9.49203337
2019-10-11 09:38:01,42.62508946,9.49206329
2019-10-11 09:38:06,42.62504770,9.49209380
2019-10-11 09:38:11,42.62500282,9.49212006
2019-10-11 09:38:16,42.62495650,9.49213879
2019-10-11 09:38:21,42.62490707,9.49216312
2019-10-11 09:38:24,42.62484924,9.49220044
2019-10-11 09:38:26,42.62480419,9.49223940
2019-10-11 09:38:29,42.62470196,9.49232371
2019-10-11 09:38:31,42.62462199,9.49240096
2019-10-11 09:38:34,42.62446408,9.49254620
2019-10-11 09:38:36,42.62434953,9.49264304
2019-10-11 09:38:38,42.62423177,9.49273808
2019-10-11 09:38:40,42.62410712,9.49283510
2019-10-11 09:38:43,42.62390911,9.49298363
2019-10-11 09:38:45,42.62377965,9.49308360
2019-10-11 09:38:47,42.62365727,9.49317999
2019-10-11 09:38:50,42.62346859,9.49331727
2019-10-11 09:38:53,42.62326500,9.49347088
2019-10-11 09:38:55,42.62313674,9.49356227
2019-10-11 09:38:57,42.62300334,9.49365635
2019-10-11 09:38:59,42.62286831,9.49375828
2019-10-11 09:39:01,42.62273390,9.49385143
2019-10-11 09:39:03,42.62259372,9.49394711
2019-10-11 09:39:05,42.62246289,9.49403843
2019-10-11 09:39:08,42.62226460,9.49417262
2019-10-11 09:39:10,42.62211279,9.49428609
2019-10-11 09:39:13,42.62194125,9.49442374
2019-10-11 09:39:15,42.62181984,9.49451524
2019-10-11 09:39:17,42.62168905,9.49460056
2019-10-11 09:39:19,42.62155646,9.49468042
2019-10-11 09:39:21,42.62142217,9.49475770
2019-10-11 09:39:24,42.62122417,9.49487735
2019-10-11 09:39:26,42.62109499,9.49495840
2019-10-11 09:39:29,42.62089917,9.49506505
2019-10-11 09:39:31,42.62076377,9.49512677
2019-10-11 09:39:34,42.62056466,9.49524411
2019-10-11 09:39:37,42.62037745,9.49539018
2019-10-11 09:39:40,42.62018927,9.49551773
2019-10-11 09:39:42,42.62005447,9.49559505
2019-10-11 09:39:44,42.61992267,9.49568155
2019-10-11 09:39:47,42.61973554,9.49579856
2019-10-11 09:39:49,42.61964127,9.49585757
2019-10-11 09:39:52,42.61955317,9.49591315
2019-10-11 09:39:54,42.61951213,9.49594153
2019-10-11 09:39:57,42.61946788,9.49597635
2019-10-11 09:40:01,42.61942122,9.49600874
2019-10-11 09:40:06,42.61938202,9.49605011
2019-10-11 09:40:12,42.61935048,9.49609997
2019-10-11 09:40:25,42.61931465,9.49615225
2019-10-11 09:40:32,42.61927553,9.49618270
2019-10-11 09:40:39,42.61922262,9.49617720
2019-10-11 09:40:44,42.61917357,9.49617640
2019-10-11 09:40:49,42.61912221,9.49618557
2019-10-11 09:40:54,42.61907532,9.49620574
2019-10-11 09:41:00,42.61903183,9.49624510
2019-10-11 09:41:06,42.61898828,9.49627804
2019-10-11 09:41:16,42.61894678,9.49630779
2019-10-11 09:41:23,42.61891258,9.49636276
2019-10-11 09:41:28,42.61886983,9.49639522
2019-10-11 09:41:35,42.61882270,9.49641251
2019-10-11 09:41:42,42.61878753,9.49646096
2019-10-11 09:41:49,42.61874859,9.49649700
2019-10-11 09:41:55,42.61870980,9.49654018
2019-10-11 09:42:00,42.61867251,9.49657441
2019-10-11 09:42:10,42.61862117,9.49657787
2019-10-11 09:42:16,42.61857597,9.49660170
2019-10-11 09:42:22,42.61853795,9.49663705
2019-10-11 09:42:31,42.61849306,9.49666282
2019-10-11 09:42:37,42.61844758,9.49669423
2019-10-11 09:42:45,42.61841057,9.49674153
2019-10-11 09:42:51,42.61837567,9.49678575
2019-10-11 09:42:57,42.61833663,9.49682172
2019-10-11 09:43:05,42.61831136,9.49688905
2019-10-11 09:43:08,42.61827870,9.49693923
2019-10-11 09:43:11,42.61823066,9.49697630
2019-10-11 09:43:14,42.61818306,9.49700763
2019-10-11 09:43:28,42.61813302,9.49702382
2019-10-11 09:43:35,42.61808748,9.49705070
2019-10-11 09:43:42,42.61805195,9.49709046
2019-10-11 09:43:48,42.61801522,9.49713076
2019-10-11 09:43:55,42.61797405,9.49716622
2019-10-11 09:44:01,42.61793248,9.49720591
2019-10-11 09:44:07,42.61788610,9.49724505
2019-10-11 09:44:12,42.61783913,9.49728499
2019-10-11 09:44:18,42.61779871,9.49731860
2019-10-11 09:44:25,42.61776094,9.49736090
2019-10-11 09:44:30,42.61772251,9.49739628
2019-10-11 09:44:36,42.61767878,9.49741876
2019-10-11 09:44:43,42.61763947,9.49746035
2019-10-11 09:44:49,42.61760226,9.49750410
2019-10-11 09:44:55,42.61755982,9.49754643
2019-10-11 09:45:01,42.61752364,9.49758933
2019-10-11 09:45:07,42.61748491,9.49762591
2019-10-11 09:45:12,42.61744451,9.49766346
2019-10-11 09:45:17,42.61740346,9.49770460
2019-10-11 09:45:21,42.61736422,9.49773687
2019-10-11 09:45:26,42.61731613,9.49777431
2019-10-11 09:45:32,42.61727891,9.49780907
2019-10-11 09:45:39,42.61723732,9.49784630
2019-10-11 09:45:45,42.61719852,9.49787761
2019-10-11 09:45:52,42.61715531,9.49790756
2019-10-11 09:46:01,42.61710547,9.49793608
2019-10-11 09:46:05,42.61706080,9.49797653
2019-10-11 09:46:13,42.61702422,9.49802261
2019-10-11 09:46:20,42.61698087,9.49806033
2019-10-11 09:46:26,42.61694356,9.49809755
2019-10-11 09:46:32,42.61690045,9.49813490
2019-10-11 09:46:36,42.61684850,9.49816955
2019-10-11 09:46:44,42.61681937,9.49822061
2019-10-11 09:46:49,42.61677059,9.49825155
2019-10-11 09:46:53,42.61672301,9.49827429
2019-10-11 09:46:58,42.61667749,9.49830299
2019-10-11 09:47:14,42.61664657,9.49834899
2019-10-11 09:47:21,42.61660490,9.49838804
2019-10-11 09:47:26,42.61657060,9.49842935
2019-10-11 09:47:29,42.61652553,9.49846254
2019-10-11 09:47:33,42.61648527,9.49849480
2019-10-11 09:47:40,42.61645185,9.49854658
2019-10-11 09:47:46,42.61640975,9.49857672
2019-10-11 09:47:53,42.61636651,9.49861286
2019-10-11 09:47:59,42.61631979,9.49864586
2019-10-11 09:48:04,42.61628330,9.49868333
2019-10-11 09:48:11,42.61624304,9.49872666
2019-10-11 09:48:17,42.61620114,9.49875385
2019-10-11 09:48:24,42.61615558,9.49877711
2019-10-11 09:48:31,42.61611132,9.49880662
2019-10-11 09:48:38,42.61606743,9.49883219
2019-10-11 09:48:44,42.61602575,9.49885948
2019-10-11 09:48:53,42.61599260,9.49891226
2019-10-11 09:51:03,42.61510638,9.49960735
2019-10-11 09:51:07,42.61508022,9.49966323
2019-10-11 09:51:14,42.61506085,9.49972107
2019-10-11 09:51:21,42.61501881,9.49975741
2019-10-11 09:51:27,42.61496578,9.49976749
2019-10-11 09:51:32,42.61491912,9.49978527
2019-10-11 09:51:38,42.61487126,9.49980459
2019-10-11 09:51:44,42.61482335,9.49982825
2019-10-11 09:51:49,42.61477899,9.49986710
2019-10-11 09:51:57,42.61474293,9.49991349
2019-10-11 09:52:04,42.61470306,9.49994463
2019-10-11 09:52:10,42.61465946,9.49997761
2019-10-11 09:52:20,42.61461347,9.50001124
2019-10-11 09:52:25,42.61457530,9.50004414
2019-10-11 09:52:31,42.61453284,9.50008556
2019-10-11 09:52:37,42.61449315,9.50013369
2019-10-11 09:52:43,42.61445999,9.50017600
2019-10-11 09:52:49,42.61442012,9.50022131
2019-10-11 09:52:54,42.61438208,9.50026264
2019-10-11 09:53:00,42.61434011,9.50030225
2019-10-11 09:53:05,42.61430495,9.50034874
2019-10-11 09:53:11,42.61426022,9.50037835
2019-10-11 09:53:18,42.61422209,9.50042098
2019-10-11 09:53:24,42.61417897,9.50045460
2019-10-11 09:53:29,42.61413488,9.50048614
2019-10-11 09:53:35,42.61409693,9.50052413
2019-10-11 09:53:59,42.61405205,9.50055054
2019-10-11 09:54:03,42.61399720,9.50056240
2019-10-11 09:54:07,42.61394483,9.50058737
2019-10-11 09:54:21,42.61385608,9.50065845
2019-10-11 09:54:23,42.61380694,9.50068454
2019-10-11 09:54:26,42.61376262,9.50072704
2019-10-11 09:54:30,42.61374881,9.50078512
2019-10-11 09:54:33,42.61374099,9.50085084
2019-10-11 09:54:37,42.61372687,9.50092138
2019-10-11 09:54:53,42.61367635,9.50091961
2019-10-11 09:54:56,42.61363551,9.50098693
2019-10-11 09:54:58,42.61359382,9.50103478
2019-10-11 09:55:02,42.61355806,9.50107217
2019-10-11 09:55:11,42.61350949,9.50105810
2019-10-11 09:55:17,42.61346913,9.50102972
2019-10-11 09:55:22,42.61347819,9.50096331
2019-10-11 09:55:25,42.61352816,9.50092648
2019-10-11 09:55:27,42.61357492,9.50090925
2019-10-11 09:55:30,42.61365175,9.50088202
2019-10-11 09:55:32,42.61375220,9.50083697
2019-10-11 09:55:34,42.61385209,9.50078052
2019-10-11 09:55:36,42.61395960,9.50069439
2019-10-11 09:55:38,42.61407216,9.50059439
2019-10-11 09:55:40,42.61416849,9.50047769
2019-10-11 09:55:42,42.61427741,9.50035259
2019-10-11 09:55:44,42.61437468,9.50022252
2019-10-11 09:55:46,42.61447710,9.50011364
2019-10-11 09:55:48,42.61458344,9.50001226
2019-10-11 09:55:50,42.61468585,9.49990767
2019-10-11 09:55:52,42.61479520,9.49980918
2019-10-11 09:55:54,42.61490197,9.49969975
2019-10-11 09:55:56,42.61500084,9.49957499
2019-10-11 09:55:58,42.61510162,9.49946251
2019-10-11 09:56:00,42.61521378,9.49934415
2019-10-11 09:56:02,42.61531843,9.49922526
2019-10-11 09:56:04,42.61542750,9.49910416
2019-10-11 09:56:07,42.61559001,9.49894607
2019-10-11 09:56:09,42.61569757,9.49885182
2019-10-11 09:56:11,42.61580729,9.49875817
2019-10-11 09:56:13,42.61592469,9.49869030
2019-10-11 09:56:15,42.61603890,9.49859284
2019-10-11 09:56:17,42.61614858,9.49849500
2019-10-11 09:56:19,42.61626088,9.49839598
2019-10-11 09:56:22,42.61643468,9.49826474
2019-10-11 09:56:24,42.61655590,9.49818055
2019-10-11 09:56:26,42.61668150,9.49809720
2019-10-11 09:56:28,42.61680561,9.49799840
2019-10-11 09:56:30,42.61689254,9.49788295
2019-10-11 09:56:32,42.61699613,9.49775118
2019-10-11 09:56:34,42.61710852,9.49764253
2019-10-11 09:56:36,42.61723296,9.49753543
2019-10-11 09:56:38,42.61735443,9.49744457
2019-10-11 09:56:40,42.61748052,9.49736451
2019-10-11 09:56:42,42.61763160,9.49727572
2019-10-11 09:56:44,42.61774365,9.49720699
2019-10-11 09:56:46,42.61785836,9.49711536
2019-10-11 09:56:48,42.61796434,9.49703274
2019-10-11 09:56:50,42.61804952,9.49695907
2019-10-11 09:56:52,42.61811150,9.49690688
2019-10-11 09:56:54,42.61815476,9.49686291
2019-10-11 09:56:56,42.61819819,9.49683052
2019-10-11 09:56:58,42.61824013,9.49680210
2019-10-11 09:57:01,42.61829252,9.49677464
2019-10-11 09:57:05,42.61833991,9.49674793
2019-10-11 09:57:09,42.61838561,9.49671767
2019-10-11 09:57:12,42.61844095,9.49667824
2019-10-11 09:57:14,42.61848413,9.49664718
2019-10-11 09:57:16,42.61852891,9.49661352
2019-10-11 09:57:19,42.61858507,9.49657448
2019-10-11 09:57:22,42.61862768,9.49654791
2019-10-11 09:57:26,42.61867211,9.49652324
2019-10-11 09:57:31,42.61872532,9.49652217
2019-10-11 09:57:36,42.61877534,9.49653018
2019-10-11 09:57:43,42.61882574,9.49653826
2019-10-11 09:57:51,42.61886956,9.49655985
2019-10-11 09:57:59,42.61889981,9.49661268
2019-10-11 09:58:06,42.61894639,9.49663333
2019-10-11 09:58:12,42.61900107,9.49662198
2019-10-11 09:58:17,42.61904499,9.49660842
2019-10-11 09:58:24,42.61908572,9.49657065
2019-10-11 09:58:34,42.61909789,9.49651090
2019-10-11 09:58:42,42.61912265,9.49645314
2019-10-11 09:58:47,42.61915658,9.49640708
2019-10-11 09:58:52,42.61919318,9.49636459
2019-10-11 09:58:58,42.61923412,9.49633083
2019-10-11 09:59:04,42.61927893,9.49630729
2019-10-11 09:59:09,42.61930677,9.49625913
2019-10-11 09:59:15,42.61934504,9.49621205
2019-10-11 09:59:21,42.61938669,9.49618602
2019-10-11 09:59:32,42.61941936,9.49613644
2019-10-11 09:59:40,42.61945283,9.49608582
2019-10-11 09:59:47,42.61949361,9.49605243
2019-10-11 09:59:53,42.61953280,9.49601467
2019-10-11 10:00:00,42.61957940,9.49598599
2019-10-11 10:00:06,42.61962636,9.49595883
2019-10-11 10:00:11,42.61966495,9.49592552
2019-10-11 10:00:17,42.61970955,9.49591702
2019-10-11 10:00:24,42.61975434,9.49590650
2019-10-11 10:00:31,42.61979137,9.49585893
2019-10-11 10:00:37,42.61984104,9.49584389
2019-10-11 10:00:42,42.61988550,9.49582502
2019-10-11 10:00:48,42.61992552,9.49578773
2019-10-11 10:00:57,42.61995916,9.49573811
2019-10-11 10:01:04,42.61999968,9.49569092
2019-10-11 10:01:09,42.62003891,9.49566067
2019-10-11 10:01:15,42.62008489,9.49563349
2019-10-11 10:01:21,42.62012547,9.49559222
2019-10-11 10:01:27,42.62016480,9.49556212
2019-10-11 10:01:33,42.62020719,9.49554026
2019-10-11 10:01:40,42.62025554,9.49551079
2019-10-11 10:01:47,42.62029935,9.49548213
2019-10-11 10:01:53,42.62033750,9.49544239
2019-10-11 10:01:59,42.62037993,9.49541599
2019-10-11 10:02:06,42.62042434,9.49537728
2019-10-11 10:02:14,42.62046845,9.49534703
2019-10-11 10:02:22,42.62050752,9.49531363
2019-10-11 10:02:29,42.62054960,9.49528444
2019-10-11 10:02:35,42.62058672,9.49524701
2019-10-11 10:02:41,42.62063277,9.49523099
2019-10-11 10:02:47,42.62068055,9.49520175
2019-10-11 10:02:53,42.62072203,9.49516100
2019-10-11 10:02:59,42.62076216,9.49511869
2019-10-11 10:03:05,42.62080227,9.49508782
2019-10-11 10:03:11,42.62085477,9.49507981
2019-10-11 10:03:16,42.62089903,9.49506818
2019-10-11 10:03:22,42.62094018,9.49503816
2019-10-11 10:03:28,42.62098093,9.49500799
2019-10-11 10:03:37,42.62102732,9.49499663
2019-10-11 10:03:44,42.62107284,9.49496729
2019-10-11 10:03:50,42.62112162,9.49494086
2019-10-11 10:03:56,42.62116963,9.49491599
2019-10-11 10:04:06,42.62121243,9.49489559
2019-10-11 10:04:13,42.62126355,9.49487649
2019-10-11 10:04:18,42.62130711,9.49485440
2019-10-11 10:04:23,42.62134392,9.49481897
2019-10-11 10:04:28,42.62138652,9.49479338
2019-10-11 10:04:34,42.62142894,9.49476838
2019-10-11 10:04:41,42.62147352,9.49474450
2019-10-11 10:04:50,42.62152227,9.49471623
2019-10-11 10:04:57,42.62157003,9.49469436
2019-10-11 10:05:03,42.62161447,9.49467678
2019-10-11 10:05:09,42.62165841,9.49464838
2019-10-11 10:05:15,42.62170105,9.49462226
2019-10-11 10:05:21,42.62174198,9.49459236
2019-10-11 10:05:27,42.62178812,9.49456356
2019-10-11 10:05:33,42.62183561,9.49454257
2019-10-11 10:05:40,42.62188071,9.49452765
2019-10-11 10:05:46,42.62191688,9.49449055
2019-10-11 10:05:53,42.62196565,9.49446857
2019-10-11 10:06:00,42.62201172,9.49444757
2019-10-11 10:06:08,42.62205912,9.49445263
2019-10-11 10:06:12,42.62210612,9.49445552
2019-10-11 10:06:18,42.62215798,9.49444612
2019-10-11 10:06:24,42.62220199,9.49442253
2019-10-11 10:06:32,42.62224782,9.49439416
2019-10-11 10:06:38,42.62229095,9.49437425
2019-10-11 10:06:45,42.62233328,9.49433539
2019-10-11 10:06:52,42.62238052,9.49431456
2019-10-11 10:07:03,42.62242938,9.49428847
2019-10-11 10:07:08,42.62247432,9.49427862
2019-10-11 10:07:15,42.62252014,9.49428518
2019-10-11 10:07:21,42.62256245,9.49425378
2019-10-11 10:07:28,42.62260713,9.49422501
2019-10-11 10:07:34,42.62264810,9.49418930
2019-10-11 10:07:43,42.62269405,9.49415679
2019-10-11 10:07:48,42.62273786,9.49413118
2019-10-11 10:07:53,42.62278754,9.49411709
2019-10-11 10:07:59,42.62283775,9.49411160
2019-10-11 10:08:05,42.62288424,9.49410752
2019-10-11 10:08:12,42.62292813,9.49407997
2019-10-11 10:08:19,42.62298004,9.49406393
2019-10-11 10:08:25,42.62302213,9.49404201
2019-10-11 10:08:31,42.62306928,9.49404637
2019-10-11 10:08:38,42.62311747,9.49402305
2019-10-11 10:08:46,42.62315477,9.49397917
2019-10-11 10:08:53,42.62320351,9.49395347
2019-10-11 10:08:59,42.62325344,9.49394541
2019-10-11 10:09:05,42.62329993,9.49393001
2019-10-11 10:09:10,42.62334908,9.49391838
2019-10-11 10:09:14,42.62339542,9.49391929
2019-10-11 10:09:18,42.62342015,9.49386047
2019-10-11 10:09:25,42.62345554,9.49382196
2019-10-11 10:09:34,42.62350346,9.49379970
2019-10-11 10:09:41,42.62355236,9.49379322
2019-10-11 10:09:48,42.62359764,9.49378863
2019-10-11 10:09:55,42.62364601,9.49376673
2019-10-11 10:10:00,42.62368676,9.49373731
2019-10-11 10:10:06,42.62373051,9.49371905
2019-10-11 10:10:13,42.62378127,9.49369885
2019-10-11 10:10:21,42.62382495,9.49368152
2019-10-11 10:10:29,42.62387290,9.49367502
2019-10-11 10:10:35,42.62392090,9.49366435
2019-10-11 10:10:41,42.62396555,9.49364127
2019-10-11 10:10:49,42.62400113,9.49360216
2019-10-11 10:10:57,42.62405335,9.49359143
2019-10-11 10:11:02,42.62410698,9.49358219
2019-10-11 10:11:08,42.62415852,9.49357951
2019-10-11 10:11:14,42.62420711,9.49357235
2019-10-11 10:11:19,42.62425398,9.49356921
2019-10-11 10:11:25,42.62430169,9.49356079
2019-10-11 10:11:33,42.62434123,9.49352667
2019-10-11 10:11:39,42.62438519,9.49349267
2019-10-11 10:11:45,42.62442978,9.49346324
2019-10-11 10:11:51,42.62447600,9.49344155
2019-10-11 10:11:57,42.62452082,9.49343285
2019-10-11 10:12:04,42.62456753,9.49341544
2019-10-11 10:12:11,42.62461662,9.49339646
2019-10-11 10:12:17,42.62466159,9.49337984
2019-10-11 10:12:23,42.62470551,9.49336395
2019-10-11 10:12:30,42.62475229,9.49334087
2019-10-11 10:12:37,42.62479948,9.49332710
2019-10-11 10:12:44,42.62484369,9.49329302
2019-10-11 10:12:52,42.62489209,9.49327856
2019-10-11 10:13:00,42.62494212,9.49326065
2019-10-11 10:13:06,42.62498217,9.49322577
2019-10-11 10:13:12,42.62502512,9.49319593
2019-10-11 10:13:18,42.62507516,9.49317467
2019-10-11 10:13:24,42.62512620,9.49316003
2019-10-11 10:13:30,42.62517237,9.49314509
2019-10-11 10:13:37,42.62521786,9.49312901
2019-10-11 10:13:44,42.62526043,9.49310396
2019-10-11 10:13:51,42.62530831,9.49309038
2019-10-11 10:13:57,42.62535603,9.49308353
2019-10-11 10:14:03,42.62539982,9.49306513
2019-10-11 10:14:10,42.62544161,9.49303599
2019-10-11 10:14:18,42.62548912,9.49301383
2019-10-11 10:14:25,42.62553506,9.49300357
2019-10-11 10:14:32,42.62558121,9.49298900
2019-10-11 10:14:38,42.62562896,9.49298261
2019-10-11 10:14:44,42.62567400,9.49296577
2019-10-11 10:14:51,42.62571849,9.49293872
2019-10-11 10:14:57,42.62575874,9.49291075
2019-10-11 10:15:04,42.62580485,9.49287598
2019-10-11 10:15:10,42.62585320,9.49285864
2019-10-11 10:15:16,42.62590004,9.49282945
2019-10-11 10:15:22,42.62594736,9.49282290
2019-10-11 10:15:33,42.62599528,9.49280116
2019-10-11 10:15:37,42.62604766,9.49282549
2019-10-11 10:15:42,42.62609572,9.49285646
2019-10-11 10:15:47,42.62613762,9.49289151
2019-10-11 10:15:55,42.62617117,9.49284498
2019-10-11 10:16:02,42.62622035,9.49282431
2019-10-11 10:16:10,42.62627038,9.49282802
2019-10-11 10:16:13,42.62630236,9.49278214
2019-10-11 10:16:20,42.62632040,9.49272334
2019-10-11 10:16:25,42.62633593,9.49266383
2019-10-11 10:16:33,42.62631422,9.49260831
2019-10-11 10:16:40,42.62626516,9.49259787
2019-10-11 10:16:45,42.62621904,9.49259047
2019-10-11 10:16:51,42.62617172,9.49259339
2019-10-11 10:16:56,42.62612868,9.49261982
2019-10-11 10:17:04,42.62612731,9.49268632
2019-10-11 10:17:11,42.62610014,9.49273940
2019-10-11 10:17:18,42.62605775,9.49277305
2019-10-11 10:17:27,42.62601654,9.49280798
2019-10-11 10:17:32,42.62597393,9.49282775
2019-10-11 10:17:43,42.62592381,9.49283288
2019-10-11 10:17:49,42.62587558,9.49281617
2019-10-11 10:17:53,42.62583232,9.49279605
2019-10-11 10:17:56,42.62578064,9.49278957
2019-10-11 10:17:58,42.62573395,9.49280074
2019-10-11 10:18:01,42.62564830,9.49284976
2019-10-11 10:18:03,42.62557978,9.49289763
2019-10-11 10:18:05,42.62549050,9.49295200
2019-10-11 10:18:07,42.62539141,9.49301119
2019-10-11 10:18:09,42.62527673,9.49307607
2019-10-11 10:18:11,42.62515692,9.49314914
2019-10-11 10:18:13,42.62503105,9.49322914
2019-10-11 10:18:15,42.62489755,9.49331329
2019-10-11 10:18:18,42.62469441,9.49344176
2019-10-11 10:18:20,42.62455467,9.49352077
2019-10-11 10:18:22,42.62441809,9.49360205
2019-10-11 10:18:24,42.62427860,9.49368110
2019-10-11 10:18:26,42.62413183,9.49375976
2019-10-11 10:18:28,42.62399415,9.49384235
2019-10-11 10:18:30,42.62386278,9.49392950
2019-10-11 10:18:32,42.62372816,9.49401848
2019-10-11 10:18:36,42.62358263,9.49411274
2019-10-11 10:18:38,42.62332436,9.49425138
2019-10-11 10:18:40,42.62316798,9.49433205
2019-10-11 10:18:43,42.62295175,9.49442138
2019-10-11 10:18:45,42.62280861,9.49447702
2019-10-11 10:18:48,42.62260379,9.49458930
2019-10-11 10:18:50,42.62246705,9.49466344
2019-10-11 10:18:53,42.62225477,9.49476266
2019-10-11 10:18:55,42.62210322,9.49483522
2019-10-11 10:18:57,42.62194787,9.49490038
2019-10-11 10:19:00,42.62173796,9.49498868
2019-10-11 10:19:02,42.62159321,9.49504897
2019-10-11 10:19:06,42.62144621,9.49510827
2019-10-11 10:19:08,42.62118471,9.49523010
2019-10-11 10:19:10,42.62103349,9.49529654
2019-10-11 10:19:12,42.62088963,9.49535704
2019-10-11 10:19:14,42.62074208,9.49540910
2019-10-11 10:19:16,42.62059513,9.49546992
2019-10-11 10:19:19,42.62038080,9.49555372
2019-10-11 10:19:22,42.62016580,9.49562991
2019-10-11 10:19:24,42.62003298,9.49568082
2019-10-11 10:19:26,42.61991813,9.49572285
2019-10-11 10:19:28,42.61982782,9.49576704
2019-10-11 10:19:31,42.61974586,9.49580897
2019-10-11 10:19:33,42.61970468,9.49584600
2019-10-11 10:19:36,42.61964301,9.49589106
2019-10-11 10:19:39,42.61958848,9.49591403
2019-10-11 10:19:42,42.61953568,9.49593898
2019-10-11 10:19:45,42.61949136,9.49596984
2019-10-11 10:19:49,42.61944202,9.49600522
2019-10-11 10:19:54,42.61940339,9.49604018
2019-10-11 10:19:59,42.61934979,9.49602714
2019-10-11 10:20:05,42.61930010,9.49602473
2019-10-11 10:20:13,42.61926036,9.49606494
2019-10-11 10:20:19,42.61922851,9.49611697
2019-10-11 10:20:35,42.61918941,9.49615253
2019-10-11 10:20:42,42.61915553,9.49619979
2019-10-11 10:20:48,42.61911800,9.49623616
2019-10-11 10:20:57,42.61907156,9.49626496
2019-10-11 10:21:02,42.61902770,9.49628639
2019-10-11 10:21:08,42.61898044,9.49630661
2019-10-11 10:21:15,42.61893683,9.49633882
2019-10-11 10:21:22,42.61889170,9.49637014
2019-10-11 10:21:28,42.61884481,9.49638338
2019-10-11 10:21:34,42.61879778,9.49639466
2019-10-11 10:21:42,42.61875149,9.49641719
2019-10-11 10:21:49,42.61870783,9.49644995
2019-10-11 10:21:56,42.61866616,9.49648167
2019-10-11 10:22:03,42.61862313,9.49651112
2019-10-11 10:22:09,42.61858603,9.49655349
2019-10-11 10:22:14,42.61854638,9.49659212
2019-10-11 10:22:19,42.61850311,9.49661413
2019-10-11 10:22:24,42.61845216,9.49662669
2019-10-11 10:22:30,42.61840806,9.49664642
2019-10-11 10:22:39,42.61837086,9.49668532
2019-10-11 10:22:45,42.61833638,9.49673064
2019-10-11 10:22:52,42.61828903,9.49676227
2019-10-11 10:22:59,42.61824429,9.49679805
2019-10-11 10:23:10,42.61820690,9.49684284
2019-10-11 10:23:16,42.61816897,9.49688349
2019-10-11 10:23:22,42.61812965,9.49692572
2019-10-11 10:23:28,42.61809139,9.49696323
2019-10-11 10:23:33,42.61804947,9.49699038
2019-10-11 10:23:38,42.61800372,9.49702087
2019-10-11 10:23:44,42.61795876,9.49705132
2019-10-11 10:23:52,42.61791478,9.49708820
2019-10-11 10:24:00,42.61787596,9.49712396
2019-10-11 10:24:05,42.61783378,9.49715531
2019-10-11 10:24:10,42.61779283,9.49718727
2019-10-11 10:24:16,42.61775226,9.49722157
2019-10-11 10:24:22,42.61771101,9.49725604
2019-10-11 10:24:28,42.61767087,9.49729635
2019-10-11 10:24:35,42.61763482,9.49734074
2019-10-11 10:24:40,42.61759226,9.49737249
2019-10-11 10:24:45,42.61755259,9.49740293
2019-10-11 10:24:52,42.61751080,9.49743928
2019-10-11 10:24:58,42.61748301,9.49749407
2019-10-11 10:25:03,42.61744351,9.49752618
2019-10-11 10:25:07,42.61739834,9.49755323
2019-10-11 10:25:12,42.61735730,9.49760043
2019-10-11 10:25:18,42.61730986,9.49763216
2019-10-11 10:25:24,42.61726485,9.49766116
2019-10-11 10:25:34,42.61722874,9.49771493
2019-10-11 10:25:44,42.61717855,9.49774688
2019-10-11 10:25:49,42.61713330,9.49777356
2019-10-11 10:25:54,42.61709540,9.49781785
2019-10-11 10:25:59,42.61704882,9.49786198
2019-10-11 10:26:03,42.61700287,9.49787853
2019-10-11 10:26:08,42.61696287,9.49790817
2019-10-11 10:26:12,42.61691652,9.49793725
2019-10-11 10:26:16,42.61688290,9.49798900
2019-10-11 10:26:25,42.61686712,9.49804710
2019-10-11 10:26:32,42.61681833,9.49807671
2019-10-11 10:27:12,42.61652487,9.49825525
2019-10-11 10:27:22,42.61646211,9.49826077
2019-10-11 10:27:25,42.61641937,9.49828354
2019-10-11 10:27:32,42.61638609,9.49833524
2019-10-11 10:27:38,42.61635117,9.49837593
2019-10-11 10:27:44,42.61632181,9.49843014
2019-10-11 10:27:49,42.61628691,9.49847036
2019-10-11 10:27:54,42.61624652,9.49850905
2019-10-11 10:27:59,42.61620852,9.49854466
2019-10-11 10:28:05,42.61616699,9.49857516
2019-10-11 10:28:12,42.61612559,9.49860296
2019-10-11 10:28:18,42.61608796,9.49863714
2019-10-11 10:28:25,42.61604142,9.49866624
2019-10-11 10:28:31,42.61599869,9.49869832
2019-10-11 10:28:42,42.61595339,9.49870819
2019-10-11 10:28:49,42.61591021,9.49874711
2019-10-11 10:28:54,42.61587542,9.49879028
2019-10-11 10:28:59,42.61583379,9.49883485
2019-10-11 10:29:05,42.61579310,9.49887393
2019-10-11 10:29:11,42.61575418,9.49890819
2019-10-11 10:29:16,42.61571330,9.49894115
2019-10-11 10:29:25,42.61567504,9.49898719
2019-10-11 10:29:31,42.61562974,9.49901711
2019-10-11 10:29:36,42.61558598,9.49904354
2019-10-11 10:29:42,42.61554512,9.49907542
2019-10-11 10:29:52,42.61550175,9.49910484
2019-10-11 10:29:58,42.61546083,9.49914324
2019-10-11 10:30:03,42.61542125,9.49917791
2019-10-11 10:30:11,42.61537394,9.49921223
2019-10-11 10:30:17,42.61532911,9.49924539
2019-10-11 10:30:25,42.61528565,9.49927117
2019-10-11 10:30:29,42.61524797,9.49930701
2019-10-11 10:30:34,42.61520631,9.49934760
2019-10-11 10:30:39,42.61516576,9.49938712
2019-10-11 10:30:44,42.61512669,9.49941895
2019-10-11 10:30:49,42.61508713,9.49945719
2019-10-11 10:30:54,42.61504611,9.49949405
2019-10-11 10:30:59,42.61500406,9.49952531
2019-10-11 10:31:08,42.61496332,9.49956647
2019-10-11 10:31:15,42.61492150,9.49958980
2019-10-11 10:31:21,42.61487884,9.49961419
2019-10-11 10:31:26,42.61483426,9.49964400
2019-10-11 10:31:34,42.61479288,9.49968218
2019-10-11 10:31:44,42.61480956,9.49974120
2019-10-11 10:31:49,42.61476019,9.49977261
2019-10-11 10:31:54,42.61471039,9.49978386
2019-10-11 10:32:00,42.61467192,9.49982452
2019-10-11 10:32:05,42.61462321,9.49983475
2019-10-11 10:32:11,42.61457267,9.49984875
2019-10-11 10:32:17,42.61452637,9.49987680
2019-10-11 10:32:23,42.61448121,9.49991242
2019-10-11 10:32:30,42.61444479,9.49995200
2019-10-11 10:32:37,42.61440112,9.49999201
2019-10-11 10:32:44,42.61435854,9.50002431
2019-10-11 10:32:50,42.61431620,9.50005381
2019-10-11 10:32:57,42.61427453,9.50009927
2019-10-11 10:33:02,42.61423006,9.50014376
2019-10-11 10:33:11,42.61418501,9.50017899
2019-10-11 10:33:17,42.61414317,9.50021980
2019-10-11 10:33:22,42.61410165,9.50025199
2019-10-11 10:33:29,42.61405806,9.50028566
2019-10-11 10:33:35,42.61401977,9.50031887
2019-10-11 10:33:40,42.61397699,9.50035346
2019-10-11 10:33:47,42.61393718,9.50039100
2019-10-11 10:33:55,42.61389080,9.50042117
2019-10-11 10:34:01,42.61384787,9.50045412
2019-10-11 10:34:07,42.61380207,9.50047187
2019-10-11 10:34:13,42.61375501,9.50048683
2019-10-11 10:34:19,42.61370727,9.50050509
2019-10-11 10:34:25,42.61366252,9.50052551
2019-10-11 10:34:31,42.61361443,9.50053969
2019-10-11 10:34:38,42.61357031,9.50056531
2019-10-11 10:34:44,42.61352651,9.50059393
2019-10-11 10:34:49,42.61348387,9.50062661
2019-10-11 10:34:55,42.61344077,9.50066313
2019-10-11 10:35:02,42.61339878,9.50070304
2019-10-11 10:35:09,42.61336711,9.50075761
2019-10-11 10:35:15,42.61333383,9.50080151
2019-10-11 10:35:22,42.61329403,9.50083869
2019-10-11 10:35:27,42.61326149,9.50088626
2019-10-11 10:35:33,42.61321203,9.50090897
2019-10-11 10:35:39,42.61316522,9.50091854
2019-10-11 10:35:44,42.61312560,9.50095526
2019-10-11 10:35:50,42.61307860,9.50098752
2019-10-11 10:35:56,42.61304879,9.50103463
2019-10-11 10:36:03,42.61304772,9.50109706
2019-10-11 10:36:08,42.61304426,9.50115959
2019-10-11 10:36:14,42.61304922,9.50122789
2019-10-11 10:36:20,42.61305137,9.50129891
2019-10-11 10:36:27,42.61306096,9.50136870
2019-10-11 10:36:33,42.61308146,9.50142763
2019-10-11 10:36:39,42.61311243,9.50147810
2019-10-11 10:36:45,42.61314853,9.50151614
2019-10-11 10:36:51,42.61319402,9.50152829
2019-10-11 10:36:57,42.61324357,9.50151124
2019-10-11 10:37:03,42.61328729,9.50148160
2019-10-11 10:37:09,42.61332815,9.50144366
2019-10-11 10:37:14,42.61336947,9.50141733
2019-10-11 10:37:19,42.61341625,9.50138572
2019-10-11 10:37:25,42.61346224,9.50135913
2019-10-11 10:37:33,42.61350023,9.50132601
2019-10-11 10:37:41,42.61356341,9.50129842
2019-10-11 10:37:43,42.61360752,9.50127539
2019-10-11 10:37:46,42.61368433,9.50121431
2019-10-11 10:37:48,42.61374235,9.50116137
2019-10-11 10:37:50,42.61381865,9.50108794
2019-10-11 10:37:53,42.61395948,9.50097072
2019-10-11 10:37:55,42.61406347,9.50088823
2019-10-11 10:37:57,42.61415800,9.50079662
2019-10-11 10:37:59,42.61424551,9.50069648
2019-10-11 10:38:02,42.61440015,9.50052099
2019-10-11 10:38:04,42.61454151,9.50038976
2019-10-11 10:38:07,42.61472983,9.50017304
2019-10-11 10:38:09,42.61485781,9.50003809
2019-10-11 10:38:11,42.61497637,9.49992078
2019-10-11 10:38:13,42.61509294,9.49979897
2019-10-11 10:38:15,42.61522027,9.49966054
2019-10-11 10:38:18,42.61540549,9.49946822
2019-10-11 10:38:20,42.61553807,9.49936832
2019-10-11 10:38:23,42.61568765,9.49919901
2019-10-11 10:38:25,42.61578175,9.49909092
2019-10-11 10:38:27,42.61587809,9.49895341
2019-10-11 10:38:29,42.61597868,9.49884108
2019-10-11 10:38:32,42.61617041,9.49866788
2019-10-11 10:38:35,42.61634728,9.49848582
2019-10-11 10:38:37,42.61649888,9.49837939
2019-10-11 10:38:39,42.61664384,9.49825559
2019-10-11 10:38:41,42.61675956,9.49814399
2019-10-11 10:38:43,42.61687442,9.49802245
2019-10-11 10:38:45,42.61698560,9.49792111
2019-10-11 10:38:48,42.61715914,9.49775576
2019-10-11 10:38:50,42.61727872,9.49764487
2019-10-11 10:38:53,42.61747379,9.49748164
2019-10-11 10:38:55,42.61759429,9.49735209
2019-10-11 10:38:57,42.61771025,9.49723479
2019-10-11 10:38:59,42.61781090,9.49714410
2019-10-11 10:39:02,42.61794438,9.49702333
2019-10-11 10:39:09,42.61808930,9.49695768
2019-10-11 10:39:12,42.61827425,9.49681405
2019-10-11 10:39:15,42.61834109,9.49675157
2019-10-11 10:39:17,42.61838290,9.49671258
2019-10-11 10:39:20,42.61843218,9.49666484
2019-10-11 10:39:23,42.61847011,9.49663145
2019-10-11 10:39:28,42.61851508,9.49659171
2019-10-11 10:39:33,42.61855220,9.49655683
2019-10-11 10:39:38,42.61859225,9.49652308
2019-10-11 10:39:43,42.61862658,9.49648298
2019-10-11 10:39:49,42.61866105,9.49644271
2019-10-11 10:39:56,42.61869517,9.49639558
2019-10-11 10:40:01,42.61874045,9.49636109
2019-10-11 10:40:06,42.61878349,9.49633294
2019-10-11 10:40:12,42.61882211,9.49629076
2019-10-11 10:40:19,42.61885893,9.49624148
2019-10-11 10:40:25,42.61889254,9.49619915
2019-10-11 10:40:33,42.61893151,9.49615945
2019-10-11 10:40:41,42.61897968,9.49614125
2019-10-11 10:40:47,42.61902912,9.49613322
2019-10-11 10:40:52,42.61907553,9.49610976
2019-10-11 10:40:57,42.61911266,9.49606988
2019-10-11 10:41:03,42.61915454,9.49602285
2019-10-11 10:41:08,42.61918314,9.49596927
2019-10-11 10:41:15,42.61921312,9.49591657
2019-10-11 10:41:22,42.61925213,9.49588437
2019-10-11 10:41:29,42.61929992,9.49585827
2019-10-11 10:41:36,42.61934615,9.49582581
2019-10-11 10:41:42,42.61938866,9.49579497
2019-10-11 10:41:49,42.61943553,9.49576523
2019-10-11 10:41:55,42.61947860,9.49573908
2019-10-11 10:42:01,42.61952455,9.49572307
2019-10-11 10:42:07,42.61957010,9.49570986
2019-10-11 10:42:13,42.61961544,9.49569191
2019-10-11 10:42:20,42.61966032,9.49566349
2019-10-11 10:42:27,42.61970325,9.49563745
2019-10-11 10:42:34,42.61974844,9.49560747
2019-10-11 10:42:42,42.61979089,9.49557158
2019-10-11 10:42:50,42.61983689,9.49554645
2019-10-11 10:42:57,42.61988299,9.49552936
2019-10-11 10:43:03,42.61992777,9.49551254
2019-10-11 10:43:10,42.61997352,9.49549755
2019-10-11 10:43:16,42.62001703,9.49547680
2019-10-11 10:43:21,42.62006212,9.49545662
2019-10-11 10:43:26,42.62010218,9.49542116
2019-10-11 10:43:32,42.62014442,9.49538123
2019-10-11 10:43:39,42.62018320,9.49534802
2019-10-11 10:43:45,42.62022694,9.49532280
2019-10-11 10:43:51,42.62027220,9.49530812
2019-10-11 10:43:57,42.62031775,9.49528940
2019-10-11 10:44:03,42.62036167,9.49526650
2019-10-11 10:44:10,42.62041225,9.49524757
2019-10-11 10:44:17,42.62045872,9.49524010
2019-10-11 10:44:24,42.62050248,9.49522381
2019-10-11 10:44:33,42.62054793,9.49519864
2019-10-11 10:44:40,42.62059227,9.49517164
2019-10-11 10:44:46,42.62063737,9.49515222
2019-10-11 10:44:52,42.62068485,9.49512842
2019-10-11 10:44:58,42.62072657,9.49510185
2019-10-11 10:45:06,42.62076856,9.49507284
2019-10-11 10:45:14,42.62081619,9.49504913
2019-10-11 10:45:20,42.62086331,9.49503182
2019-10-11 10:45:26,42.62090993,9.49501072
2019-10-11 10:45:33,42.62096029,9.49499700
2019-10-11 10:45:40,42.62100897,9.49498166
2019-10-11 10:45:47,42.62105152,9.49495906
2019-10-11 10:45:53,42.62109587,9.49493827
2019-10-11 10:45:59,42.62114107,9.49490599
2019-10-11 10:46:05,42.62118029,9.49487505
2019-10-11 10:46:11,42.62121889,9.49484250
2019-10-11 10:46:17,42.62126011,9.49481507
2019-10-11 10:46:23,42.62130387,9.49479394
2019-10-11 10:46:30,42.62134909,9.49476157
2019-10-11 10:46:37,42.62139063,9.49473718
2019-10-11 10:46:47,42.62143730,9.49471195
2019-10-11 10:46:54,42.62148007,9.49469206
2019-10-11 10:47:00,42.62152747,9.49468059
2019-10-11 10:47:06,42.62157267,9.49467156
2019-10-11 10:47:12,42.62161833,9.49466193
2019-10-11 10:47:18,42.62166681,9.49463370
2019-10-11 10:47:24,42.62170797,9.49459824
2019-10-11 10:47:31,42.62174733,9.49455246
2019-10-11 10:47:37,42.62179665,9.49452974
2019-10-11 10:47:43,42.62184659,9.49451434
2019-10-11 10:47:50,42.62189267,9.49448724
2019-10-11 10:47:57,42.62193929,9.49445874
2019-10-11 10:48:04,42.62198552,9.49443559
2019-10-11 10:48:11,42.62202701,9.49440200
2019-10-11 10:48:17,42.62206519,9.49436618
2019-10-11 10:48:25,42.62210971,9.49434128
2019-10-11 10:48:33,42.62215670,9.49435303
2019-10-11 10:48:39,42.62220570,9.49433375
2019-10-11 10:48:45,42.62225045,9.49431448
2019-10-11 10:48:52,42.62229761,9.49430607
2019-10-11 10:48:58,42.62234553,9.49429019
2019-10-11 10:49:04,42.62239167,9.49427808
2019-10-11 10:49:10,42.62243893,9.49425498
2019-10-11 10:49:16,42.62248467,9.49422978
2019-10-11 10:49:23,42.62252645,9.49419820
2019-10-11 10:49:30,42.62257289,9.49416917
2019-10-11 10:49:36,42.62261926,9.49414982
2019-10-11 10:49:43,42.62266734,9.49414457
2019-10-11 10:49:49,42.62271462,9.49413213
2019-10-11 10:49:55,42.62276520,9.49412638
2019-10-11 10:50:02,42.62281580,9.49412107
2019-10-11 10:50:09,42.62286098,9.49410566
2019-10-11 10:50:16,42.62290444,9.49407824
2019-10-11 10:50:23,42.62294332,9.49403802
2019-10-11 10:50:29,42.62298456,9.49400243
2019-10-11 10:50:35,42.62303171,9.49398200
2019-10-11 10:50:41,42.62307719,9.49397063
2019-10-11 10:50:48,42.62312355,9.49394915
2019-10-11 10:50:55,42.62316981,9.49392603
2019-10-11 10:51:01,42.62321192,9.49389993
2019-10-11 10:51:08,42.62325501,9.49388039
2019-10-11 10:51:15,42.62330077,9.49385843
2019-10-11 10:51:21,42.62334634,9.49384822
2019-10-11 10:51:29,42.62339679,9.49383654
2019-10-11 10:51:37,42.62344023,9.49381052
2019-10-11 10:51:45,42.62348748,9.49379487
2019-10-11 10:51:52,42.62353141,9.49378072
2019-10-11 10:51:59,42.62357104,9.49374982
2019-10-11 10:52:06,42.62361203,9.49371539
2019-10-11 10:52:12,42.62366047,9.49370486
2019-10-11 10:52:17,42.62370688,9.49370103
2019-10-11 10:52:26,42.62375399,9.49369214
2019-10-11 10:52:33,42.62380122,9.49365717
2019-10-11 10:52:39,42.62384137,9.49361570
2019-10-11 10:52:47,42.62388661,9.49360422
2019-10-11 10:52:55,42.62393263,9.49358830
2019-10-11 10:53:03,42.62397633,9.49357366
2019-10-11 10:53:08,42.62402079,9.49355947
2019-10-11 10:53:14,42.62406868,9.49353141
2019-10-11 10:53:20,42.62411871,9.49351010
2019-10-11 10:53:25,42.62416247,9.49348889
2019-10-11 10:53:31,42.62421379,9.49346928
2019-10-11 10:53:36,42.62425776,9.49344742
2019-10-11 10:53:41,42.62429666,9.49341650
2019-10-11 10:53:50,42.62434053,9.49339757
2019-10-11 10:53:57,42.62438964,9.49338017
2019-10-11 10:54:05,42.62444123,9.49336587
2019-10-11 10:54:12,42.62448270,9.49332892
2019-10-11 10:54:21,42.62452730,9.49330045
2019-10-11 10:54:26,42.62457908,9.49327129
2019-10-11 10:54:31,42.62462104,9.49324633
2019-10-11 10:54:39,42.62466903,9.49322605
2019-10-11 10:54:46,42.62471601,9.49321083
2019-10-11 10:54:52,42.62476080,9.49319943